"city","dbpedia","population","country_name","image"
"Zhuhai","http://dbpedia.org/resource/Zhuhai",44478513,"China","http://commons.wikimedia.org/wiki/Special:FilePath/Zhuhai_montage.jpg?width=300"
"Dongguan","http://dbpedia.org/resource/Dongguan",44449738,"China","http://commons.wikimedia.org/wiki/Special:FilePath/Dongguan_montage.jpg?width=300"
"Guangzhou","http://dbpedia.org/resource/Guangzhou",44259000,"Empire of China (1915–16)","http://commons.wikimedia.org/wiki/Special:FilePath/Guangzhou_montage.png?width=300"
"Greater Tokyo Area","http://dbpedia.org/resource/Greater_Tokyo_Area",37832892,"Japan","http://commons.wikimedia.org/wiki/Special:FilePath/Skyscrapers_of_Shinjuku_2009_January.jpg?width=300"
"Tokyo","http://dbpedia.org/resource/Tokyo",37800000,"Japan","http://commons.wikimedia.org/wiki/Special:FilePath/Tokyo_Montage_2015.jpg?width=300"
"Jakarta","http://dbpedia.org/resource/Jakarta",30214303,"Indonesia","http://commons.wikimedia.org/wiki/Special:FilePath/Jakarta_Pictures-4.jpg?width=300"
"Jabodetabek","http://dbpedia.org/resource/Jabodetabek",30091131,"Indonesia","http://commons.wikimedia.org/wiki/Special:FilePath/Jakarta.jpg?width=300"
"Seoul","http://dbpedia.org/resource/Seoul",25000000,"South Korea","http://en.wikipedia.org/wiki/Special:FilePath/Seoul_Montage_2014.jpg?width=300"
"Delhi","http://dbpedia.org/resource/Delhi",21753486,"India","http://commons.wikimedia.org/wiki/Special:FilePath/Delhi_Montage.jpg?width=300"
"New Delhi","http://dbpedia.org/resource/New_Delhi",21753486,"India","http://commons.wikimedia.org/wiki/Special:FilePath/NewDelhiMontage.png?width=300"
"São Paulo","http://dbpedia.org/resource/São_Paulo",21090791,"Brazil","http://commons.wikimedia.org/wiki/Special:FilePath/São_Paulo_Poster.jpg?width=300"
"Lagos","http://dbpedia.org/resource/Lagos",21000000,"Nigeria","http://commons.wikimedia.org/wiki/Special:FilePath/Location_of_Lagos.png?width=300"
"Mumbai","http://dbpedia.org/resource/Mumbai",20748395,"India","http://commons.wikimedia.org/wiki/Special:FilePath/MumbaiMontage.png?width=300"
"Mumbai Metropolitan Region","http://dbpedia.org/resource/Mumbai_Metropolitan_Region",20748395,"India","http://en.wikipedia.org/wiki/Special:FilePath/Mumbai_Metropolitan_Region_(MMR).png?width=300"
"Cairo","http://dbpedia.org/resource/Cairo",20439541,"Egypt","http://commons.wikimedia.org/wiki/Special:FilePath/مصر.gif?width=300"
"Keihanshin","http://dbpedia.org/resource/Keihanshin",19341976,"Japan","http://commons.wikimedia.org/wiki/Special:FilePath/Kiyomizudera_temple_in_Kyoto_panoramic_view.jpg?width=300"
"Mumbai","http://dbpedia.org/resource/Mumbai",18414288,"India","http://commons.wikimedia.org/wiki/Special:FilePath/MumbaiMontage.png?width=300"
"Hanoi","http://dbpedia.org/resource/Hanoi",16100000,"Vietnam","http://commons.wikimedia.org/wiki/Special:FilePath/Hanoi_Montage.jpg?width=300"
"Istanbul","http://dbpedia.org/resource/Istanbul",14657434,"Turkey","http://commons.wikimedia.org/wiki/Special:FilePath/Istanbul_collage_5j.jpg?width=300"
"Kolkata","http://dbpedia.org/resource/Kolkata",14617882,"India","http://commons.wikimedia.org/wiki/Special:FilePath/Kolkata_Imgs.jpg?width=300"
"Bangkok","http://dbpedia.org/resource/Bangkok",14565547,"Thailand","http://commons.wikimedia.org/wiki/Special:FilePath/Bangkok_Montage.png?width=300"
"Kolkata","http://dbpedia.org/resource/Kolkata",14112536,"India","http://commons.wikimedia.org/wiki/Special:FilePath/Kolkata_Imgs.jpg?width=300"
"Santa Clarita, California","http://dbpedia.org/resource/Santa_Clarita,_California",13155788,"United States","http://commons.wikimedia.org/wiki/Special:FilePath/CanyonCountry.JPG?width=300"
"Palmdale, California","http://dbpedia.org/resource/Palmdale,_California",12828837,"United States","http://commons.wikimedia.org/wiki/Special:FilePath/Palmdale_and_Mountains.jpg?width=300"
"Buenos Aires","http://dbpedia.org/resource/Buenos_Aires",12741364,"Argentina","http://commons.wikimedia.org/wiki/Special:FilePath/Buenos_Aires_City_Collage.png?width=300"
"Niterói","http://dbpedia.org/resource/Niterói",12620000,"Brazil","http://commons.wikimedia.org/wiki/Special:FilePath/PraiadeIcaraí.jpg?width=300"
"Rio de Janeiro","http://dbpedia.org/resource/Rio_de_Janeiro",12280702,"Brazil","http://commons.wikimedia.org/wiki/Special:FilePath/Montagem_RJ.jpg?width=300"
"Shantou","http://dbpedia.org/resource/Shantou",11535677,"China","http://commons.wikimedia.org/wiki/Special:FilePath/Shantou_Montage.jpg?width=300"
"Duisburg","http://dbpedia.org/resource/Duisburg",11316429,"Germany","http://commons.wikimedia.org/wiki/Special:FilePath/Innenhafen_Duisburg.jpg?width=300"
"Rhine-Ruhr","http://dbpedia.org/resource/Rhine-Ruhr",11316429,"Germany","http://commons.wikimedia.org/wiki/Special:FilePath/Rhein-Ruhr-Region-LEP.png?width=300"
"Düsseldorf","http://dbpedia.org/resource/Düsseldorf",11300000,"Germany","http://commons.wikimedia.org/wiki/Special:FilePath/Düsseldorf_Ansichten2.jpg?width=300"
"Chengdu","http://dbpedia.org/resource/Chengdu",10484996,"China","http://commons.wikimedia.org/wiki/Special:FilePath/Chengdu_montage.png?width=300"
"Bogotá","http://dbpedia.org/resource/Bogotá",9800000,"Colombia","http://commons.wikimedia.org/wiki/Special:FilePath/Flag_of_Bogotá.svg?width=300"
"Lima","http://dbpedia.org/resource/Lima",9752000,"Peru","http://commons.wikimedia.org/wiki/Special:FilePath/Bandera_de_Lima.png?width=300"
"Chicago","http://dbpedia.org/resource/Chicago",9551031,"United States of America","http://commons.wikimedia.org/wiki/Special:FilePath/Chicago_montage1.jpg?width=300"
"Jasper County, Indiana","http://dbpedia.org/resource/Jasper_County,_Indiana",9522434,"United States","http://commons.wikimedia.org/wiki/Special:FilePath/Jasper_County_Courthouse_Rensselaer_Indiana.JPG?width=300"
"Des Plaines, Illinois","http://dbpedia.org/resource/Des_Plaines,_Illinois",9461105,"United States","http://commons.wikimedia.org/wiki/Special:FilePath/Des_Plaines,_IL.jpg?width=300"
"Callao","http://dbpedia.org/resource/Callao",9367587,"Peru","http://commons.wikimedia.org/wiki/Special:FilePath/Bandera_del_Callao.svg?width=300"
"Nagoya","http://dbpedia.org/resource/Nagoya",9107414,"Japan","http://commons.wikimedia.org/wiki/Special:FilePath/Japan_Nagoya.png?width=300"
"Chennai","http://dbpedia.org/resource/Chennai",8917749,"India","http://commons.wikimedia.org/wiki/Special:FilePath/Chennai_Montage.jpg?width=300"
"Bangalore","http://dbpedia.org/resource/Bangalore",8728906,"India","http://commons.wikimedia.org/wiki/Special:FilePath/BangaloreMontage.png?width=300"
"Chennai","http://dbpedia.org/resource/Chennai",8653521,"India","http://commons.wikimedia.org/wiki/Special:FilePath/Chennai_Montage.jpg?width=300"
"Busan","http://dbpedia.org/resource/Busan",8202239,"South Korea","http://commons.wikimedia.org/wiki/Special:FilePath/Busan_montage.png?width=300"
"Hyderabad","http://dbpedia.org/resource/Hyderabad",7749334,"India","http://commons.wikimedia.org/wiki/Special:FilePath/Hyderabad_montage-2.png?width=300"
"Angwin, California","http://dbpedia.org/resource/Angwin,_California",7468390,"United States","http://commons.wikimedia.org/wiki/Special:FilePath/Napa_County_California_Incorporated_and_Unincorporated_areas_Angwin_Highlighted.svg?width=300"
"Hayward, California","http://dbpedia.org/resource/Hayward,_California",7468390,"United States","http://commons.wikimedia.org/wiki/Special:FilePath/Hayward_water_tower,_California.jpg?width=300"
"Ross, California","http://dbpedia.org/resource/Ross,_California",7468390,"United States","http://commons.wikimedia.org/wiki/Special:FilePath/Marin_County_California_Incorporated_and_Unincorporated_areas_Ross_Highlighted.svg?width=300"
"Surabaya","http://dbpedia.org/resource/Surabaya",7302283,"Indonesia","http://commons.wikimedia.org/wiki/Special:FilePath/City_of_Surabaya_Logo.svg?width=300"
"Kuala Lumpur","http://dbpedia.org/resource/Kuala_Lumpur",7200000,"Malaysia","http://commons.wikimedia.org/wiki/Special:FilePath/KL_Composite2.jpg?width=300"
"Santiago","http://dbpedia.org/resource/Santiago",7200000,"Chile","http://commons.wikimedia.org/wiki/Special:FilePath/Santiago_de_chile_collage.png?width=300"
"Dallas","http://dbpedia.org/resource/Dallas",7102796,"United States","http://commons.wikimedia.org/wiki/Special:FilePath/Dallas_Collage_Montage.png?width=300"
"Fort Worth, Texas","http://dbpedia.org/resource/Fort_Worth,_Texas",7102796,"United States of America","http://commons.wikimedia.org/wiki/Special:FilePath/Fort_Worth_Skyline_at_Sunset.jpg?width=300"
"Plano, Texas","http://dbpedia.org/resource/Plano,_Texas",7102796,"United States of America","http://commons.wikimedia.org/wiki/Special:FilePath/Skyline_of_Plano_Texas.jpg?width=300"
"Grand Prairie, Texas","http://dbpedia.org/resource/Grand_Prairie,_Texas",6810913,"United States","http://commons.wikimedia.org/wiki/Special:FilePath/Watertower_at_Market_Square.jpg?width=300"
"Irving, Texas","http://dbpedia.org/resource/Irving,_Texas",6810913,"United States","http://commons.wikimedia.org/wiki/Special:FilePath/Irving_Montage.jpg?width=300"
"Carrollton, Texas","http://dbpedia.org/resource/Carrollton,_Texas",6810913,"United States","http://commons.wikimedia.org/wiki/Special:FilePath/Carrollton,_Texas_-_Municipal_Complex.jpg?width=300"
"Mansfield, Texas","http://dbpedia.org/resource/Mansfield,_Texas",6810913,"United States","http://commons.wikimedia.org/wiki/Special:FilePath/Mansfield_City_Hall.jpg?width=300"
"Harbin","http://dbpedia.org/resource/Harbin",6704573,"China","http://commons.wikimedia.org/wiki/Special:FilePath/Harbin_Montage.JPG?width=300"
"Nairobi","http://dbpedia.org/resource/Nairobi",6547547,"Kenya","http://commons.wikimedia.org/wiki/Special:FilePath/Nairobi_Montage_A.jpg?width=300"
"Luanda","http://dbpedia.org/resource/Luanda",6542942,"Angola","http://commons.wikimedia.org/wiki/Special:FilePath/Marginal_Avenida_4_de_Fevreiro_Luanda_March_2013_(cropped).JPG?width=300"
"Duncanville, Texas","http://dbpedia.org/resource/Duncanville,_Texas",6538850,"United States","http://commons.wikimedia.org/wiki/Special:FilePath/Dallas_County_Texas_Incorporated_Areas_Duncanville_highighted.svg?width=300"
"Madrid","http://dbpedia.org/resource/Madrid",6489162,"Spain","http://commons.wikimedia.org/wiki/Special:FilePath/Bandera_de_Madrid.svg?width=300"
"Flower Mound, Texas","http://dbpedia.org/resource/Flower_Mound,_Texas",6447615,"United States","http://commons.wikimedia.org/wiki/Special:FilePath/Flower_Mound_Sign.jpg?width=300"
"Ahmedabad","http://dbpedia.org/resource/Ahmedabad",6357693,"India","http://commons.wikimedia.org/wiki/Special:FilePath/Ahmedabad_montage_new1.png?width=300"
"Frederick, Maryland","http://dbpedia.org/resource/Frederick,_Maryland",6097684,"United States","http://commons.wikimedia.org/wiki/Special:FilePath/Frederick_City_Skyline.JPG?width=300"
"Philadelphia","http://dbpedia.org/resource/Philadelphia",6051170,"United States","http://commons.wikimedia.org/wiki/Special:FilePath/Philadelphia_Montage_by_Jleon_0310.jpg?width=300"
"Berlin","http://dbpedia.org/resource/Berlin",5871022,"Germany","http://commons.wikimedia.org/wiki/Special:FilePath/Coat_of_arms_of_Berlin.svg?width=300"
"Hialeah, Florida","http://dbpedia.org/resource/Hialeah,_Florida",5828191,"United States","http://commons.wikimedia.org/wiki/Special:FilePath/Flag_of_Hialeah,_Florida.png?width=300"
"West Palm Beach, Florida","http://dbpedia.org/resource/West_Palm_Beach,_Florida",5828191,"United States of America","http://commons.wikimedia.org/wiki/Special:FilePath/West_Palm_Beach_Aerial_November_2014_photo_D_Ramey_Logan.jpg?width=300"
"Fort Lauderdale, Florida","http://dbpedia.org/resource/Fort_Lauderdale,_Florida",5762717,"United States of America","http://commons.wikimedia.org/wiki/Special:FilePath/Flag_of_Fort_Lauderdale,_Florida.png?width=300"
"Miramar, Florida","http://dbpedia.org/resource/Miramar,_Florida",5762717,"United States","http://commons.wikimedia.org/wiki/Special:FilePath/Map_of_Florida_highlighting_Miramar.svg?width=300"
"Colombo","http://dbpedia.org/resource/Colombo",5648000,"Sri Lanka","http://commons.wikimedia.org/wiki/Special:FilePath/Colombo2.jpg?width=300"
"Pasadena, Texas","http://dbpedia.org/resource/Pasadena,_Texas",5628101,"United States","http://commons.wikimedia.org/wiki/Special:FilePath/Pasadena_TX_Chem_Skyline.jpg?width=300"
"Toronto","http://dbpedia.org/resource/Toronto",5583064,"Canada","http://commons.wikimedia.org/wiki/Special:FilePath/Montage_of_Toronto_7.jpg?width=300"
"Charles Town, West Virginia","http://dbpedia.org/resource/Charles_Town,_West_Virginia",5582170,"United States","http://commons.wikimedia.org/wiki/Special:FilePath/Jefferson_County_Courthouse,_Charles_Town.jpg?width=300"
"Coconut Creek, Florida","http://dbpedia.org/resource/Coconut_Creek,_Florida",5564635,"United States of America","http://commons.wikimedia.org/wiki/Special:FilePath/Flag_of_Coconut_Creek,_Florida.png?width=300"
"Cooper City, Florida","http://dbpedia.org/resource/Cooper_City,_Florida",5564635,"United States of America","http://commons.wikimedia.org/wiki/Special:FilePath/Map_of_Florida_highlighting_Cooper_City.svg?width=300"
"Davie, Florida","http://dbpedia.org/resource/Davie,_Florida",5564635,"United States of America","http://commons.wikimedia.org/wiki/Special:FilePath/Davie_FL_Davie_School_museum01.jpg?width=300"
"Deerfield Beach, Florida","http://dbpedia.org/resource/Deerfield_Beach,_Florida",5564635,"United States","http://commons.wikimedia.org/wiki/Special:FilePath/Deerfield_Resort_Photo_D_Ramey_Logan.jpg?width=300"
"Lauderdale Lakes, Florida","http://dbpedia.org/resource/Lauderdale_Lakes,_Florida",5564635,"United States of America","http://commons.wikimedia.org/wiki/Special:FilePath/Seal_of_Lauderdale_Lakes,_Florida.png?width=300"
"Lighthouse Point, Florida","http://dbpedia.org/resource/Lighthouse_Point,_Florida",5564635,"United States of America","http://commons.wikimedia.org/wiki/Special:FilePath/Map_of_Florida_highlighting_Lighthouse_Point.svg?width=300"
"Miami","http://dbpedia.org/resource/Miami",5564635,"United States","http://commons.wikimedia.org/wiki/Special:FilePath/Miami_collage_20110330.jpg?width=300"
"Miami Beach, Florida","http://dbpedia.org/resource/Miami_Beach,_Florida",5564635,"United States of America","http://commons.wikimedia.org/wiki/Special:FilePath/Miamimetroarea.jpg?width=300"
"Plantation, Florida","http://dbpedia.org/resource/Plantation,_Florida",5564635,"United States","http://commons.wikimedia.org/wiki/Special:FilePath/Plantation_FL_Hist_Museum01.jpg?width=300"
"Sunny Isles Beach, Florida","http://dbpedia.org/resource/Sunny_Isles_Beach,_Florida",5564635,"United States of America","http://commons.wikimedia.org/wiki/Special:FilePath/Sunny_Isles_Beach_skyline_2015_from_west.jpg?width=300"
"Weston, Florida","http://dbpedia.org/resource/Weston,_Florida",5564635,"United States","http://commons.wikimedia.org/wiki/Special:FilePath/WestonLogo.png?width=300"
"Atlanta","http://dbpedia.org/resource/Atlanta",5522942,"United States of America","http://commons.wikimedia.org/wiki/Special:FilePath/Atlanta_Montage_2.jpg?width=300"
"Frankfurt","http://dbpedia.org/resource/Frankfurt",5500000,"Germany","http://commons.wikimedia.org/wiki/Special:FilePath/Flag_of_Frankfurt_am_Main.svg?width=300"
"Wellington, Florida","http://dbpedia.org/resource/Wellington,_Florida",5463857,"United States of America","http://commons.wikimedia.org/wiki/Special:FilePath/Map_of_Florida_highlighting_Wellington.svg?width=300"
"Coral Gables, Florida","http://dbpedia.org/resource/Coral_Gables,_Florida",5422200,"United States of America","http://commons.wikimedia.org/wiki/Special:FilePath/Coral_Gables_skyline_20100403.jpg?width=300"
"Hialeah Gardens, Florida","http://dbpedia.org/resource/Hialeah_Gardens,_Florida",5422200,"United States of America","http://commons.wikimedia.org/wiki/Special:FilePath/Seal_of_Hialeah_Gardens,_Florida.png?width=300"
"Miami Shores, Florida","http://dbpedia.org/resource/Miami_Shores,_Florida",5422200,"United States of America","http://commons.wikimedia.org/wiki/Special:FilePath/Miami_Shores_downtown_20110216.jpg?width=300"
"North Miami, Florida","http://dbpedia.org/resource/North_Miami,_Florida",5422200,"United States of America","http://commons.wikimedia.org/wiki/Special:FilePath/North_Miami_FL_city_hall01.jpg?width=300"
"North Miami Beach, Florida","http://dbpedia.org/resource/North_Miami_Beach,_Florida",5422200,"United States of America","http://commons.wikimedia.org/wiki/Special:FilePath/Miami-Dade_County_Florida_Incorporated_and_Unincorporated_areas_North_Miami_Beach_Highlighted.svg?width=300"
"Pinecrest, Florida","http://dbpedia.org/resource/Pinecrest,_Florida",5422200,"United States of America","http://commons.wikimedia.org/wiki/Special:FilePath/Seal_of_Pinecrest,_Florida.png?width=300"
"South Miami, Florida","http://dbpedia.org/resource/South_Miami,_Florida",5422200,"United States of America","http://commons.wikimedia.org/wiki/Special:FilePath/Miami-Dade_County_Florida_Incorporated_and_Unincorporated_areas_South_Miami_Highlighted.svg?width=300"
"Sweetwater, Miami-Dade County, Florida","http://dbpedia.org/resource/Sweetwater,_Miami-Dade_County,_Florida",5422200,"United States of America","http://commons.wikimedia.org/wiki/Special:FilePath/Seal_of_Sweetwater,_Miami-Dade_County,_Florida.png?width=300"
"Virginia Gardens, Florida","http://dbpedia.org/resource/Virginia_Gardens,_Florida",5422200,"United States of America","http://commons.wikimedia.org/wiki/Special:FilePath/Miami-Dade_County_Florida_Incorporated_and_Unincorporated_areas_Virginia_Gardens_Highlighted.svg?width=300"
"Palmetto Bay, Florida","http://dbpedia.org/resource/Palmetto_Bay,_Florida",5422200,"United States of America","http://commons.wikimedia.org/wiki/Special:FilePath/Map_of_Florida_highlighting_Palmetto_Bay.png?width=300"
"Kendall, Florida","http://dbpedia.org/resource/Kendall,_Florida",5413212,"United States","http://commons.wikimedia.org/wiki/Special:FilePath/Kendall_Dadeland_ramp.jpg?width=300"
"The Hammocks, Florida","http://dbpedia.org/resource/The_Hammocks,_Florida",5413212,"United States","http://commons.wikimedia.org/wiki/Special:FilePath/Miami-Dade_County_Florida_Incorporated_and_Unincorporated_areas_The_Hammocks_Highlighted.svg?width=300"
"Barcelona","http://dbpedia.org/resource/Barcelona",5375774,"Spain","http://commons.wikimedia.org/wiki/Special:FilePath/Barcelona_collage.JPG?width=300"
"Visakhapatnam","http://dbpedia.org/resource/Visakhapatnam",5340000,"India","http://commons.wikimedia.org/wiki/Special:FilePath/Vizag_Collage_3.png?width=300"
"Caracas","http://dbpedia.org/resource/Caracas",5297026,"Venezuela","http://commons.wikimedia.org/wiki/Special:FilePath/Flag_of_Caracas.svg?width=300"
"Orzesze","http://dbpedia.org/resource/Orzesze",5294000,"Poland","http://commons.wikimedia.org/wiki/Special:FilePath/Centrum_miasta.jpg?width=300"
"Bielsko-Biała","http://dbpedia.org/resource/Bielsko-Biała",5294000,"Poland","http://commons.wikimedia.org/wiki/Special:FilePath/Bielsko-Biała_Montage.jpg?width=300"
"Katowice","http://dbpedia.org/resource/Katowice",5294000,"Poland","http://commons.wikimedia.org/wiki/Special:FilePath/Katowice_Flaga.svg?width=300"
"Mikołów","http://dbpedia.org/resource/Mikołów",5294000,"Poland","http://commons.wikimedia.org/wiki/Special:FilePath/PLMikolow_MarketPlace.JPG?width=300"
"Łaziska Górne","http://dbpedia.org/resource/Łaziska_Górne",5294000,"Poland","http://commons.wikimedia.org/wiki/Special:FilePath/Ober_Lazisk_-_Rathaus_(2013).JPG?width=300"
"Belo Horizonte","http://dbpedia.org/resource/Belo_Horizonte",5156217,"Brazil","http://commons.wikimedia.org/wiki/Special:FilePath/Montagem_Belo_Horizonte.jpg?width=300"
"Ankara","http://dbpedia.org/resource/Ankara",5150072,"Turkey","http://commons.wikimedia.org/wiki/Special:FilePath/Ankara_collage3.jpg?width=300"
"Xiamen","http://dbpedia.org/resource/Xiamen",5114758,"China","http://commons.wikimedia.org/wiki/Special:FilePath/Xiamen_newmontage.png?width=300"
"Pune","http://dbpedia.org/resource/Pune",5057709,"India","http://commons.wikimedia.org/wiki/Special:FilePath/Pune_Montage.JPG?width=300"
"Hamburg","http://dbpedia.org/resource/Hamburg",5046182,"Germany","http://commons.wikimedia.org/wiki/Special:FilePath/Hamburg_montage.jpg?width=300"
"Hefei","http://dbpedia.org/resource/Hefei",5031123,"China","http://commons.wikimedia.org/wiki/Special:FilePath/Hefei_montage.png?width=300"
"Algiers","http://dbpedia.org/resource/Algiers",5000000,"Algeria","http://commons.wikimedia.org/wiki/Special:FilePath/Algiers_Montage.png?width=300"
"Guayaquil","http://dbpedia.org/resource/Guayaquil",5000000,"Ecuador","http://commons.wikimedia.org/wiki/Special:FilePath/Guayaquil_montage.png?width=300"
"Nashik","http://dbpedia.org/resource/Nashik",4862769,"India","http://commons.wikimedia.org/wiki/Special:FilePath/Nashik.jpg?width=300"
"Quito","http://dbpedia.org/resource/Quito",4700000,"Ecuador","http://commons.wikimedia.org/wiki/Special:FilePath/Montaje_Quito.png?width=300"
"San Francisco","http://dbpedia.org/resource/San_Francisco",4656132,"United States","http://commons.wikimedia.org/wiki/Special:FilePath/Golden_Gate_Bridge,_SF_(cropped).jpg?width=300"
"Bytom","http://dbpedia.org/resource/Bytom",4620624,"Poland","http://commons.wikimedia.org/wiki/Special:FilePath/Bytom_-_Kościół_pw._Świętej_Trójcy_04.jpg?width=300"
"Chorzów","http://dbpedia.org/resource/Chorzów",4620624,"Poland","http://commons.wikimedia.org/wiki/Special:FilePath/Chorzów_-_Teatr_Rozrywki_01.JPG?width=300"
"Dąbrowa Górnicza","http://dbpedia.org/resource/Dąbrowa_Górnicza",4620624,"Poland","http://commons.wikimedia.org/wiki/Special:FilePath/Dgorn.jpg?width=300"
"Gliwice","http://dbpedia.org/resource/Gliwice",4620624,"Poland","http://commons.wikimedia.org/wiki/Special:FilePath/Gliwic.jpg?width=300"
"Ruda Śląska","http://dbpedia.org/resource/Ruda_Śląska",4620624,"Poland","http://commons.wikimedia.org/wiki/Special:FilePath/Water_tower_in_Ruda_Slaska.jpeg?width=300"
"Sosnowiec","http://dbpedia.org/resource/Sosnowiec",4620624,"Poland","http://commons.wikimedia.org/wiki/Special:FilePath/Plac_Stulecia_w_Sosnowcu.jpg?width=300"
"Tychy","http://dbpedia.org/resource/Tychy",4620624,"Poland","http://commons.wikimedia.org/wiki/Special:FilePath/PanoramazBramy.JPG?width=300"
"Zabrze","http://dbpedia.org/resource/Zabrze",4620624,"Poland","http://commons.wikimedia.org/wiki/Special:FilePath/Zabrze_-_Poczta_Główna_01.jpg?width=300"
"Jaworzno","http://dbpedia.org/resource/Jaworzno",4620624,"Poland","http://commons.wikimedia.org/wiki/Special:FilePath/Jaworzno_Rynek_kolegiata.jpg?width=300"
"Mysłowice","http://dbpedia.org/resource/Mysłowice",4620624,"Poland","http://commons.wikimedia.org/wiki/Special:FilePath/Plac_Wolności_03.JPG?width=300"
"Świętochłowice","http://dbpedia.org/resource/Świętochłowice",4620624,"Poland","http://commons.wikimedia.org/wiki/Special:FilePath/Swietochlowice.JPG?width=300"
"Changsha","http://dbpedia.org/resource/Changsha",4597134,"China","http://commons.wikimedia.org/wiki/Special:FilePath/Changshajianying.jpg?width=300"
"South San Francisco, California","http://dbpedia.org/resource/South_San_Francisco,_California",4594060,"United States","http://commons.wikimedia.org/wiki/Special:FilePath/Southsanfrancisco.jpg?width=300"
"Surat","http://dbpedia.org/resource/Surat",4591246,"India","http://commons.wikimedia.org/wiki/Special:FilePath/Bharthana_Althan_area.jpg?width=300"
"Gilbert, Arizona","http://dbpedia.org/resource/Gilbert,_Arizona",4574531,"United States","http://commons.wikimedia.org/wiki/Special:FilePath/Gilbert-Gilbert_Heritage_District_as_viewed_from_Gilbert_Rd..jpg?width=300"
"Mesa, Arizona","http://dbpedia.org/resource/Mesa,_Arizona",4574531,"United States","http://commons.wikimedia.org/wiki/Special:FilePath/Downtown_Mesa_Arizona.jpg?width=300"
"Peoria, Arizona","http://dbpedia.org/resource/Peoria,_Arizona",4574531,"United States","http://commons.wikimedia.org/wiki/Special:FilePath/Peoria_Collage_Christian_M_Williams.JPG?width=300"
"Tempe, Arizona","http://dbpedia.org/resource/Tempe,_Arizona",4574531,"United States","http://commons.wikimedia.org/wiki/Special:FilePath/Tempeskyline3.jpg?width=300"
"Addis Ababa","http://dbpedia.org/resource/Addis_Ababa",4567857,"Ethiopia","http://commons.wikimedia.org/wiki/Special:FilePath/Addis_Abeba_montage_1.jpg?width=300"
"Livermore, California","http://dbpedia.org/resource/Livermore,_California",4516276,"United States","http://commons.wikimedia.org/wiki/Special:FilePath/Bank_of_Italy_(Livermore,_CA).JPG?width=300"
"Surprise, Arizona","http://dbpedia.org/resource/Surprise,_Arizona",4489109,"United States","http://commons.wikimedia.org/wiki/Special:FilePath/City_Hall_-_Surprise,_AZ,_USA_2250094.jpg?width=300"
"Guadalajara","http://dbpedia.org/resource/Guadalajara",4424252,"Mexico","http://commons.wikimedia.org/wiki/Special:FilePath/Ciudad_de_Guadalajara.jpg?width=300"
"Tlaquepaque","http://dbpedia.org/resource/Tlaquepaque",4424252,"Mexico","http://commons.wikimedia.org/wiki/Special:FilePath/Flag_of_Tlaquepaque.svg?width=300"
"Porto Alegre","http://dbpedia.org/resource/Porto_Alegre",4405769,"Brazil","http://commons.wikimedia.org/wiki/Special:FilePath/Montage_of_Porto_Alegre.jpg?width=300"
"Dar es Salaam","http://dbpedia.org/resource/Dar_es_Salaam",4364541,"Tanzania","http://commons.wikimedia.org/wiki/Special:FilePath/Dsm_city.jpg?width=300"
"Richmond, California","http://dbpedia.org/resource/Richmond,_California",4335391,"United States","http://commons.wikimedia.org/wiki/Special:FilePath/Point_Richmond,_Richmond,_California.jpg?width=300"
"Auburn Hills, Michigan","http://dbpedia.org/resource/Auburn_Hills,_Michigan",4296250,"United States","http://commons.wikimedia.org/wiki/Special:FilePath/Chrysler_Headquarters_Auburn_Hills_20060624.jpg?width=300"
"Beverly Hills, Michigan","http://dbpedia.org/resource/Beverly_Hills,_Michigan",4296250,"United States","http://commons.wikimedia.org/wiki/Special:FilePath/Oakland_County_Michigan_Incorporated_and_Unincorporated_areas_Beverly_Hills_highlighted.svg?width=300"
"Birmingham, Michigan","http://dbpedia.org/resource/Birmingham,_Michigan",4296250,"United States","http://commons.wikimedia.org/wiki/Special:FilePath/Birmingham-Michigan.jpg?width=300"
"Bloomfield Hills, Michigan","http://dbpedia.org/resource/Bloomfield_Hills,_Michigan",4296250,"United States","http://commons.wikimedia.org/wiki/Special:FilePath/Gregor_S_and_Elizabeth_B_Affleck_House_Bloomfield_Hills_MI.JPG?width=300"
"Farmington, Michigan","http://dbpedia.org/resource/Farmington,_Michigan",4296250,"United States","http://commons.wikimedia.org/wiki/Special:FilePath/Oakland_County_Michigan_Incorporated_and_Unincorporated_areas_Farmington_highlighted.svg?width=300"
"Ferndale, Michigan","http://dbpedia.org/resource/Ferndale,_Michigan",4296250,"United States","http://commons.wikimedia.org/wiki/Special:FilePath/Downtown_Ferndale_mi.jpg?width=300"
"Madison Heights, Michigan","http://dbpedia.org/resource/Madison_Heights,_Michigan",4296250,"United States","http://commons.wikimedia.org/wiki/Special:FilePath/Oakland_County_Michigan_Incorporated_and_Unincorporated_areas_Madison_Heights_highlighted.svg?width=300"
"Dearborn Heights, Michigan","http://dbpedia.org/resource/Dearborn_Heights,_Michigan",4294983,"United States","http://commons.wikimedia.org/wiki/Special:FilePath/Dearborn_heights_michigan_justice_center.JPG?width=300"
"Farmington Hills, Michigan","http://dbpedia.org/resource/Farmington_Hills,_Michigan",4285832,"United States","http://commons.wikimedia.org/wiki/Special:FilePath/Farmington_Hills_Michigan_City_Hall.JPG?width=300"
"Livonia, Michigan","http://dbpedia.org/resource/Livonia,_Michigan",4285832,"United States","http://commons.wikimedia.org/wiki/Special:FilePath/LivoniaMiCityHall.jpg?width=300"
"Royal Oak, Michigan","http://dbpedia.org/resource/Royal_Oak,_Michigan",4285832,"United States","http://commons.wikimedia.org/wiki/Special:FilePath/Romontage.png?width=300"
"Warren, Michigan","http://dbpedia.org/resource/Warren,_Michigan",4285832,"United States","http://commons.wikimedia.org/wiki/Special:FilePath/Warrencenter.JPG?width=300"
"Casablanca","http://dbpedia.org/resource/Casablanca",4270750,"Morocco","http://commons.wikimedia.org/wiki/Special:FilePath/Subditos.jpg?width=300"
"Corona, California","http://dbpedia.org/resource/Corona,_California",4224851,"United States","http://commons.wikimedia.org/wiki/Special:FilePath/CoronaCA.jpg?width=300"
"San Bernardino, California","http://dbpedia.org/resource/San_Bernardino,_California",4224851,"United States of America","http://commons.wikimedia.org/wiki/Special:FilePath/Downtown_San_Bernardino.jpg?width=300"
"Nanchang","http://dbpedia.org/resource/Nanchang",4171926,"China","http://commons.wikimedia.org/wiki/Special:FilePath/Nanchang_Montage.png?width=300"
"Apodaca","http://dbpedia.org/resource/Apodaca",4150000,"Mexico","http://commons.wikimedia.org/wiki/Special:FilePath/Apodaca_location.png?width=300"
"Dhahran","http://dbpedia.org/resource/Dhahran",4140000,"Saudi Arabia","http://commons.wikimedia.org/wiki/Special:FilePath/AramcoCoreArea.jpg?width=300"
"Montreal","http://dbpedia.org/resource/Montreal",4127100,"Canada","http://commons.wikimedia.org/wiki/Special:FilePath/Montreal_Montage_July_7_2014.jpg?width=300"
"İzmir","http://dbpedia.org/resource/İzmir",4113072,"Turkey","http://commons.wikimedia.org/wiki/Special:FilePath/İzmirrr.jpg?width=300"
"Medan","http://dbpedia.org/resource/Medan",4103696,"Indonesia","http://commons.wikimedia.org/wiki/Special:FilePath/Medan_coa.png?width=300"
"Fortaleza","http://dbpedia.org/resource/Fortaleza",4019213,"Brazil","http://commons.wikimedia.org/wiki/Special:FilePath/Montage_of_Fortaleza.png?width=300"
"Yogyakarta","http://dbpedia.org/resource/Yogyakarta",4010436,"Indonesia","http://commons.wikimedia.org/wiki/Special:FilePath/Montage_of_Yogyakarta.jpg?width=300"
"Chittagong","http://dbpedia.org/resource/Chittagong",4009423,"Bangladesh","http://commons.wikimedia.org/wiki/Special:FilePath/Chittagong_montage_42.jpg?width=300"
"Baku","http://dbpedia.org/resource/Baku",4000000,"Azerbaijan","http://commons.wikimedia.org/wiki/Special:FilePath/Baku_montage3.jpg?width=300"
"Salvador, Bahia","http://dbpedia.org/resource/Salvador,_Bahia",3919864,"Brazil","http://commons.wikimedia.org/wiki/Special:FilePath/Montage_Salvador_de_Bahía.jpg?width=300"
"Kunming","http://dbpedia.org/resource/Kunming",3891400,"China","http://commons.wikimedia.org/wiki/Special:FilePath/Kunming_montage.png?width=300"
"Changchun","http://dbpedia.org/resource/Changchun",3815270,"China","http://commons.wikimedia.org/wiki/Special:FilePath/Changchun_Montage.JPG?width=300"
"Land O' Lakes, Florida","http://dbpedia.org/resource/Land_O'_Lakes,_Florida",3800000,"United States","http://commons.wikimedia.org/wiki/Special:FilePath/Land_O'_Lakes,_Florida_from_hot_air_balloon.jpg?width=300"
"Tel Aviv","http://dbpedia.org/resource/Tel_Aviv",3785000,"Israel","http://commons.wikimedia.org/wiki/Special:FilePath/TelAvivAvivMetroo.png?width=300"
"Athens","http://dbpedia.org/resource/Athens",3753783,"Greece","http://commons.wikimedia.org/wiki/Special:FilePath/Athens_Montage_2.jpg?width=300"
"Recife","http://dbpedia.org/resource/Recife",3743854,"Brazil","http://commons.wikimedia.org/wiki/Special:FilePath/Montagem_Recife_(2).jpg?width=300"
"Bellevue, Washington","http://dbpedia.org/resource/Bellevue,_Washington",3733580,"United States","http://commons.wikimedia.org/wiki/Special:FilePath/Aerial_Bellevue_Washington_November_2011.jpg?width=300"
"Tukwila, Washington","http://dbpedia.org/resource/Tukwila,_Washington",3733580,"United States","http://commons.wikimedia.org/wiki/Special:FilePath/King_County_Washington_Incorporated_and_Unincorporated_areas_Tukwila_Highlighted.svg?width=300"
"Everett, Washington","http://dbpedia.org/resource/Everett,_Washington",3733580,"United States","http://commons.wikimedia.org/wiki/Special:FilePath/Everett_Station_-_Everett_skyline,_2014.jpg?width=300"
"Medellín","http://dbpedia.org/resource/Medellín",3731447,"Colombia","http://commons.wikimedia.org/wiki/Special:FilePath/Panoramica_Centro_De_Medellin.jpg?width=300"
"Birmingham","http://dbpedia.org/resource/Birmingham",3701107,"United Kingdom","http://commons.wikimedia.org/wiki/Special:FilePath/Birmingham_City_Flag.svg?width=300"
"Guadalupe, Nuevo León","http://dbpedia.org/resource/Guadalupe,_Nuevo_León",3664334,"Mexico","http://commons.wikimedia.org/wiki/Special:FilePath/Guadalupe_location.png?width=300"
"Santa Catarina, Nuevo León","http://dbpedia.org/resource/Santa_Catarina,_Nuevo_León",3664334,"Mexico","http://commons.wikimedia.org/wiki/Special:FilePath/Santa_Catarina_Nuevo_León_1890.jpg?width=300"
"San Pedro Garza García","http://dbpedia.org/resource/San_Pedro_Garza_García",3664334,"Mexico","http://commons.wikimedia.org/wiki/Special:FilePath/Escudo_San_Pedro_Garza_García_NL.PNG?width=300"
"San Nicolás de los Garza","http://dbpedia.org/resource/San_Nicolás_de_los_Garza",3664331,"Mexico","http://commons.wikimedia.org/wiki/Special:FilePath/Escudo_San_Nicolas.jpg?width=300"
"Cologne","http://dbpedia.org/resource/Cologne",3573500,"Germany","http://commons.wikimedia.org/wiki/Special:FilePath/Cologne_montage.png?width=300"
"Eagan, Minnesota","http://dbpedia.org/resource/Eagan,_Minnesota",3524583,"United States","http://commons.wikimedia.org/wiki/Special:FilePath/Eaganoldtownhall2.jpg?width=300"
"Apple Valley, Minnesota","http://dbpedia.org/resource/Apple_Valley,_Minnesota",3524583,"United States","http://commons.wikimedia.org/wiki/Special:FilePath/AV147th.jpg?width=300"
"Bloomington, Minnesota","http://dbpedia.org/resource/Bloomington,_Minnesota",3524583,"United States","http://commons.wikimedia.org/wiki/Special:FilePath/Bloomingtontownhall.jpg?width=300"
"Brooklyn Center, Minnesota","http://dbpedia.org/resource/Brooklyn_Center,_Minnesota",3524583,"United States","http://commons.wikimedia.org/wiki/Special:FilePath/BrooklynCenterLogo.svg?width=300"
"Brooklyn Park, Minnesota","http://dbpedia.org/resource/Brooklyn_Park,_Minnesota",3524583,"United States","http://commons.wikimedia.org/wiki/Special:FilePath/BPCH.jpg?width=300"
"Burnsville, Minnesota","http://dbpedia.org/resource/Burnsville,_Minnesota",3524583,"United States","http://commons.wikimedia.org/wiki/Special:FilePath/Burnsville_Heart_of_the_City.jpg?width=300"
"Cottage Grove, Minnesota","http://dbpedia.org/resource/Cottage_Grove,_Minnesota",3524583,"United States","http://commons.wikimedia.org/wiki/Special:FilePath/Washington_County_Minnesota_Incorporated_and_Unincorporated_areas_Cottage_Grove_Highlighted.svg?width=300"
"Eden Prairie, Minnesota","http://dbpedia.org/resource/Eden_Prairie,_Minnesota",3524583,"United States","http://commons.wikimedia.org/wiki/Special:FilePath/EPCH.jpg?width=300"
"Edina, Minnesota","http://dbpedia.org/resource/Edina,_Minnesota",3524583,"United States","http://commons.wikimedia.org/wiki/Special:FilePath/EdinaTheater.JPG?width=300"
"Golden Valley, Minnesota","http://dbpedia.org/resource/Golden_Valley,_Minnesota",3524583,"United States","http://commons.wikimedia.org/wiki/Special:FilePath/Hennepin_County_Minnesota_Incorporated_and_Unincorporated_areas_Golden_Valley_Highlighted.svg?width=300"
"Lakeville, Minnesota","http://dbpedia.org/resource/Lakeville,_Minnesota",3524583,"United States","http://commons.wikimedia.org/wiki/Special:FilePath/Lakevillech.jpg?width=300"
"Maple Grove, Minnesota","http://dbpedia.org/resource/Maple_Grove,_Minnesota",3524583,"United States","http://commons.wikimedia.org/wiki/Special:FilePath/Maplegrovech.jpg?width=300"
"Minnetonka, Minnesota","http://dbpedia.org/resource/Minnetonka,_Minnesota",3524583,"United States","http://commons.wikimedia.org/wiki/Special:FilePath/MinnCommCtr.jpg?width=300"
"Plymouth, Minnesota","http://dbpedia.org/resource/Plymouth,_Minnesota",3524583,"United States","http://commons.wikimedia.org/wiki/Special:FilePath/PlyCityHall.jpg?width=300"
"Richfield, Minnesota","http://dbpedia.org/resource/Richfield,_Minnesota",3524583,"United States","http://commons.wikimedia.org/wiki/Special:FilePath/Hennepin_County_Minnesota_Incorporated_and_Unincorporated_areas_Richfield_Highlighted.svg?width=300"
"Saint Paul, Minnesota","http://dbpedia.org/resource/Saint_Paul,_Minnesota",3524583,"United States","http://commons.wikimedia.org/wiki/Special:FilePath/Saint_Paul_Photo_Collage.jpg?width=300"
"St. Louis Park, Minnesota","http://dbpedia.org/resource/St._Louis_Park,_Minnesota",3524583,"United States","http://commons.wikimedia.org/wiki/Special:FilePath/SLPCH.jpg?width=300"
"Woodbury, Minnesota","http://dbpedia.org/resource/Woodbury,_Minnesota",3524583,"United States","http://commons.wikimedia.org/wiki/Special:FilePath/Woodbury_city_hall_(new).jpg?width=300"
"Blaine, Minnesota","http://dbpedia.org/resource/Blaine,_Minnesota",3524583,"United States","http://commons.wikimedia.org/wiki/Special:FilePath/Water%20tower%20in%20Blaine,%20MN.jpg?width=300"
"Shakopee, Minnesota","http://dbpedia.org/resource/Shakopee,_Minnesota",3524583,"United States","http://commons.wikimedia.org/wiki/Special:FilePath/Shakopee,_Minnesota_5.jpg?width=300"
"Hastings, Minnesota","http://dbpedia.org/resource/Hastings,_Minnesota",3524583,"United States","http://commons.wikimedia.org/wiki/Special:FilePath/HastingsCH.jpg?width=300"
"Nuremberg","http://dbpedia.org/resource/Nuremberg",3500000,"Germany","http://commons.wikimedia.org/wiki/Special:FilePath/Нюрнберг.Бург_вид_с_Рехенберга_2.jpg?width=300"
"Ningbo","http://dbpedia.org/resource/Ningbo",3491597,"China","http://commons.wikimedia.org/wiki/Special:FilePath/Ningbo_montage.jpg?width=300"
"Oran","http://dbpedia.org/resource/Oran",3454078,"Algeria","http://commons.wikimedia.org/wiki/Special:FilePath/Armoirie_oran.png?width=300"
"Cali","http://dbpedia.org/resource/Cali",3400000,"Colombia","http://commons.wikimedia.org/wiki/Special:FilePath/Cali_.jpg?width=300"
"Curitiba","http://dbpedia.org/resource/Curitiba",3400000,"Brazil","http://commons.wikimedia.org/wiki/Special:FilePath/Montage_de_Curitiba.jpg?width=300"
"Itagüí","http://dbpedia.org/resource/Itagüí",3312165,"Colombia","http://commons.wikimedia.org/wiki/Special:FilePath/Panoramica_Itagüí.jpg?width=300"
"Budapest","http://dbpedia.org/resource/Budapest",3303786,"Hungary","http://commons.wikimedia.org/wiki/Special:FilePath/Flag_of_Budapest_(2011-).svg?width=300"
"Prior Lake, Minnesota","http://dbpedia.org/resource/Prior_Lake,_Minnesota",3279833,"United States","http://commons.wikimedia.org/wiki/Special:FilePath/Flag_of_Prior_Lake,_Minnesota.svg?width=300"
"Hudson, Wisconsin","http://dbpedia.org/resource/Hudson,_Wisconsin",3269814,"United States","http://commons.wikimedia.org/wiki/Special:FilePath/DowntownHudson1.jpg?width=300"
"Taizhou, Zhejiang","http://dbpedia.org/resource/Taizhou,_Zhejiang",3269304,"People's Republic of China","http://commons.wikimedia.org/wiki/Special:FilePath/Taizhou_City_01.jpg?width=300"
"Indore","http://dbpedia.org/resource/Indore",3254238,"India","http://commons.wikimedia.org/wiki/Special:FilePath/IndoreMontage.jpg?width=300"
"Tangshan","http://dbpedia.org/resource/Tangshan",3187171,"China","http://commons.wikimedia.org/wiki/Special:FilePath/Font_at_Tangshan,_Hebei_-_Mobile_World.jpg?width=300"
"Semarang","http://dbpedia.org/resource/Semarang",3183516,"Indonesia","http://commons.wikimedia.org/wiki/Special:FilePath/Lambang_Kota_Semarang.png?width=300"
"Kochi","http://dbpedia.org/resource/Kochi",3117990,"India","http://en.wikipedia.org/wiki/Special:FilePath/Kochi_collage.jpg?width=300"
"Warsaw","http://dbpedia.org/resource/Warsaw",3105883,"Poland","http://commons.wikimedia.org/wiki/Special:FilePath/Flag_of_Warsaw.svg?width=300"
"Santa Cruz de la Sierra","http://dbpedia.org/resource/Santa_Cruz_de_la_Sierra",3102998,"Bolivia","http://commons.wikimedia.org/wiki/Special:FilePath/Santa_Cruz_Equipetrol.jpg?width=300"
"Guiyang","http://dbpedia.org/resource/Guiyang",3037159,"China","http://commons.wikimedia.org/wiki/Special:FilePath/Guiyang_buildings.jpg?width=300"
"Abuja","http://dbpedia.org/resource/Abuja",3000000,"Nigeria","http://commons.wikimedia.org/wiki/Special:FilePath/Abuja_Collage.jpg?width=300"
"Ürümqi","http://dbpedia.org/resource/Ürümqi",2988715,"China","http://commons.wikimedia.org/wiki/Special:FilePath/Ürümqi_montage.png?width=300"
"Puebla City","http://dbpedia.org/resource/Puebla_City",2929347,"Mexico","http://commons.wikimedia.org/wiki/Special:FilePath/Bandera_de_Puebla_de_Zaragoza.png?width=300"
"Kanpur","http://dbpedia.org/resource/Kanpur",2920496,"India","http://commons.wikimedia.org/wiki/Special:FilePath/Cawnporeskyline.jpg?width=300"
"Santo Domingo","http://dbpedia.org/resource/Santo_Domingo",2908607,"Dominican Republic","http://commons.wikimedia.org/wiki/Special:FilePath/SantoDomingoedit.JPG?width=300"
"Bursa","http://dbpedia.org/resource/Bursa",2842000,"Turkey","http://commons.wikimedia.org/wiki/Special:FilePath/City_of_Bursa.jpg?width=300"
"Lisbon","http://dbpedia.org/resource/Lisbon",2821876,"Portugal","http://commons.wikimedia.org/wiki/Special:FilePath/Poster_Lisbon.jpg?width=300"
"Denver","http://dbpedia.org/resource/Denver",2814330,"United States","http://commons.wikimedia.org/wiki/Special:FilePath/Denver_Montage.jpg?width=300"
"St. Louis","http://dbpedia.org/resource/St._Louis",2811588,"United States","http://commons.wikimedia.org/wiki/Special:FilePath/StLouisMontage.jpg?width=300"
"O'Fallon, Missouri","http://dbpedia.org/resource/O'Fallon,_Missouri",2810056,"United States","http://commons.wikimedia.org/wiki/Special:FilePath/St._Charles_County_Missouri_Incorporated_and_Unincorporated_areas_O'Fallon_Highlighted.svg?width=300"
"Baltimore","http://dbpedia.org/resource/Baltimore",2797407,"United States","http://commons.wikimedia.org/wiki/Special:FilePath/BaltimoreC12.png?width=300"
"Malang","http://dbpedia.org/resource/Malang",2795209,"Indonesia","http://commons.wikimedia.org/wiki/Special:FilePath/Lambang_kota_malang.gif?width=300"
"Manchester","http://dbpedia.org/resource/Manchester",2794000,"United Kingdom","http://commons.wikimedia.org/wiki/Special:FilePath/Montage_of_Manchester_2012.jpg?width=300"
"Clearwater, Florida","http://dbpedia.org/resource/Clearwater,_Florida",2783243,"United States","http://commons.wikimedia.org/wiki/Special:FilePath/Clearwater_Pinellas_cty_crths03.jpg?width=300"
"Mashhad","http://dbpedia.org/resource/Mashhad",2782976,"Iran","http://commons.wikimedia.org/wiki/Special:FilePath/Mashhad.jpg?width=300"
"Bamako","http://dbpedia.org/resource/Bamako",2757234,"Mali","http://commons.wikimedia.org/wiki/Special:FilePath/Bamako_037.jpg?width=300"
"Aurora, Colorado","http://dbpedia.org/resource/Aurora,_Colorado",2754258,"United States","http://commons.wikimedia.org/wiki/Special:FilePath/Aurora_Municipal_Center.JPG?width=300"
"Centennial, Colorado","http://dbpedia.org/resource/Centennial,_Colorado",2697476,"United States","http://commons.wikimedia.org/wiki/Special:FilePath/Centennial,_Colorado.JPG?width=300"
"Ploiești","http://dbpedia.org/resource/Ploiești",2664571,"Romania","http://commons.wikimedia.org/wiki/Special:FilePath/ROU_PH_Ploiesti_CoA1.png?width=300"
"Weifang","http://dbpedia.org/resource/Weifang",2659938,"People's Republic of China","http://commons.wikimedia.org/wiki/Special:FilePath/Weifang_montage.png?width=300"
"Thiruvananthapuram","http://dbpedia.org/resource/Thiruvananthapuram",2647121,"India","http://commons.wikimedia.org/wiki/Special:FilePath/Thiruvananthapuram_Montage.jpg?width=300"
"Tunis","http://dbpedia.org/resource/Tunis",2643695,"Tunisia","http://commons.wikimedia.org/wiki/Special:FilePath/Tunis,_Tunisia.JPG?width=300"
"Campinas","http://dbpedia.org/resource/Campinas",2633523,"Brazil","http://commons.wikimedia.org/wiki/Special:FilePath/Montagem_Campinas.jpg?width=300"
"Xuzhou","http://dbpedia.org/resource/Xuzhou",2623066,"China","http://commons.wikimedia.org/wiki/Special:FilePath/云龙湖.jpg?width=300"
"Port-au-Prince","http://dbpedia.org/resource/Port-au-Prince",2618894,"Haiti","http://commons.wikimedia.org/wiki/Special:FilePath/Port_au_prince-haiti.JPG?width=300"
"Vienna","http://dbpedia.org/resource/Vienna",2600000,"Austria","http://commons.wikimedia.org/wiki/Special:FilePath/Flag_of_Wien.svg?width=300"
"Managua","http://dbpedia.org/resource/Managua",2560789,"Nicaragua","http://commons.wikimedia.org/wiki/Special:FilePath/Bandera_de_Managua.svg?width=300"
"Cirebon","http://dbpedia.org/resource/Cirebon",2541830,"Indonesia","http://commons.wikimedia.org/wiki/Special:FilePath/Lambang_Kota_Cirebon.gif?width=300"
"Ciudad Juárez","http://dbpedia.org/resource/Ciudad_Juárez",2539946,"Mexico","http://commons.wikimedia.org/wiki/Special:FilePath/Juarez_montage.jpg?width=300"
"Banha","http://dbpedia.org/resource/Banha",2500000,"Egypt","http://commons.wikimedia.org/wiki/Special:FilePath/Banha-st.jpg?width=300"
"Nagpur","http://dbpedia.org/resource/Nagpur",2497870,"India","http://commons.wikimedia.org/wiki/Special:FilePath/Futala_lake.jpg?width=300"
"Huai'an","http://dbpedia.org/resource/Huai'an",2494013,"China","http://commons.wikimedia.org/wiki/Special:FilePath/镇淮楼.JPG?width=300"
"Goiânia","http://dbpedia.org/resource/Goiânia",2458504,"Brazil","http://commons.wikimedia.org/wiki/Special:FilePath/Montagem_-_Goiânia.jpg?width=300"
"Dakar","http://dbpedia.org/resource/Dakar",2452656,"Senegal","http://commons.wikimedia.org/wiki/Special:FilePath/Dakar-Indépendance.jpg?width=300"
"Maracaibo","http://dbpedia.org/resource/Maracaibo",2450559,"Venezuela","http://commons.wikimedia.org/wiki/Special:FilePath/BAND-V-Maracaibo.svg?width=300"
"Carmel, Indiana","http://dbpedia.org/resource/Carmel,_Indiana",2414639,"United States","http://commons.wikimedia.org/wiki/Special:FilePath/Carmel_Indiana_-_Carmelfest_(4772788604).jpg?width=300"
"Bremen","http://dbpedia.org/resource/Bremen",2400000,"Germany","http://commons.wikimedia.org/wiki/Special:FilePath/Bremen_montage.jpg?width=300"
"Isfahan","http://dbpedia.org/resource/Isfahan",2391738,"Iran","http://commons.wikimedia.org/wiki/Special:FilePath/Esfahan_Logo.jpg?width=300"
"Portland, Oregon","http://dbpedia.org/resource/Portland,_Oregon",2389228,"United States","http://commons.wikimedia.org/wiki/Special:FilePath/PDX,_Oregon_collage.png?width=300"
"Vancouver, Washington","http://dbpedia.org/resource/Vancouver,_Washington",2389228,"United States","http://commons.wikimedia.org/wiki/Special:FilePath/Vancouver_WA_Collage.jpg?width=300"
"Concord, North Carolina","http://dbpedia.org/resource/Concord,_North_Carolina",2380314,"United States","http://commons.wikimedia.org/wiki/Special:FilePath/ConcordNC_Downtown.jpg?width=300"
"Barranquilla","http://dbpedia.org/resource/Barranquilla",2370753,"Colombia","http://commons.wikimedia.org/wiki/Special:FilePath/Barranquilla_Montage.jpg?width=300"
"La Paz","http://dbpedia.org/resource/La_Paz",2364235,"Bolivia","http://commons.wikimedia.org/wiki/Special:FilePath/La_Paz_Photomontage_V1.jpg?width=300"
"Mannheim","http://dbpedia.org/resource/Mannheim",2362046,"Germany","http://commons.wikimedia.org/wiki/Special:FilePath/SchlossMannheimEHof.jpg?width=300"
"Pittsburgh","http://dbpedia.org/resource/Pittsburgh",2360867,"United States","http://commons.wikimedia.org/wiki/Special:FilePath/Montage_Pittsburgh.jpg?width=300"
"San Juan, Puerto Rico","http://dbpedia.org/resource/San_Juan,_Puerto_Rico",2350126,"United States of America","http://commons.wikimedia.org/wiki/Special:FilePath/Flag_san_juan_pr.svg?width=300"
"Manaus","http://dbpedia.org/resource/Manaus",2316173,"Brazil","http://commons.wikimedia.org/wiki/Special:FilePath/Manaus,_AM,_Brasil.jpg?width=300"
"Fairview, Oregon","http://dbpedia.org/resource/Fairview,_Oregon",2314554,"United States","http://commons.wikimedia.org/wiki/Special:FilePath/Fairview_lake.jpg?width=300"
"Gresham, Oregon","http://dbpedia.org/resource/Gresham,_Oregon",2314554,"United States","http://commons.wikimedia.org/wiki/Special:FilePath/Gresham_Carnegie_Library-1.jpg?width=300"
"Vancouver","http://dbpedia.org/resource/Vancouver",2313328,"Canada","http://commons.wikimedia.org/wiki/Special:FilePath/Vancouver_photo_montage.jpg?width=300"
"Linyi","http://dbpedia.org/resource/Linyi",2303648,"China","http://commons.wikimedia.org/wiki/Special:FilePath/Confucius_Temple_of_Linyi.jpg?width=300"
"Leeds","http://dbpedia.org/resource/Leeds",2302000,"United Kingdom","http://commons.wikimedia.org/wiki/Special:FilePath/Leeds_UK_locator_map.svg?width=300"
"Bucharest","http://dbpedia.org/resource/Bucharest",2272163,"Romania","http://commons.wikimedia.org/wiki/Special:FilePath/ROU_Bucharest_Flag.png?width=300"
"Kissimmee, Florida","http://dbpedia.org/resource/Kissimmee,_Florida",2267846,"United States of America","http://commons.wikimedia.org/wiki/Special:FilePath/Kissimmee_New_County_Crths01.jpg?width=300"
"Belém","http://dbpedia.org/resource/Belém",2249405,"Brazil","http://commons.wikimedia.org/wiki/Special:FilePath/Montagem_Belém.jpg?width=300"
"Patna","http://dbpedia.org/resource/Patna",2231554,"India","http://commons.wikimedia.org/wiki/Special:FilePath/Patna_Montage_2014.jpg?width=300"
"Yantai","http://dbpedia.org/resource/Yantai",2227733,"China","http://commons.wikimedia.org/wiki/Special:FilePath/Yantai2015.jpg?width=300"
"Antalya","http://dbpedia.org/resource/Antalya",2222562,"Turkey","http://commons.wikimedia.org/wiki/Special:FilePath/Antalya_city.jpg?width=300"
"Islamabad","http://dbpedia.org/resource/Islamabad",2200000,"Pakistan","http://commons.wikimedia.org/wiki/Special:FilePath/Islamabad,_Pakistan_Monument.jpg?width=300"
"Narayanganj","http://dbpedia.org/resource/Narayanganj",2200000,"Bangladesh","http://commons.wikimedia.org/wiki/Special:FilePath/নারায়ণগঞ্জের_পটভূমি.png?width=300"
"Xiangyang","http://dbpedia.org/resource/Xiangyang",2199689,"China","http://commons.wikimedia.org/wiki/Special:FilePath/Location_of_Xiangfan_Prefecture_within_Hubei_(China).png?width=300"
"Asunción","http://dbpedia.org/resource/Asunción",2198662,"Paraguay","http://commons.wikimedia.org/wiki/Special:FilePath/Asuncion_Montage.jpg?width=300"
"Stockholm","http://dbpedia.org/resource/Stockholm",2192433,"Sweden","http://commons.wikimedia.org/wiki/Special:FilePath/Stockholm.jpg?width=300"
"Mint Hill, North Carolina","http://dbpedia.org/resource/Mint_Hill,_North_Carolina",2191604,"United States","http://commons.wikimedia.org/wiki/Special:FilePath/Mecklenburg_County_North_Carolina_Incorporated_and_Unincorporated_areas_Mint_Hill_highlighted.svg?width=300"
"Baoding","http://dbpedia.org/resource/Baoding",2176857,"China","http://commons.wikimedia.org/wiki/Special:FilePath/BaodingAlley.jpg?width=300"
"Sana'a","http://dbpedia.org/resource/Sana'a",2167961,"Yemen","http://commons.wikimedia.org/wiki/Special:FilePath/Sanaa_HDR_(16482367935).jpg?width=300"
"Speedway, Indiana","http://dbpedia.org/resource/Speedway,_Indiana",2166632,"United States","http://commons.wikimedia.org/wiki/Special:FilePath/Indianapolis-motor-speedway.jpg?width=300"
"Kansas City, Missouri","http://dbpedia.org/resource/Kansas_City,_Missouri",2159159,"United States","http://commons.wikimedia.org/wiki/Special:FilePath/Kansas_City_Collage_2016.jpg?width=300"
"San José, Costa Rica","http://dbpedia.org/resource/San_José,_Costa_Rica",2158898,"Costa Rica","http://commons.wikimedia.org/wiki/Special:FilePath/Bandera_de_San_José_(Costa_Rica).svg?width=300"
"Prague","http://dbpedia.org/resource/Prague",2156097,"Czech Republic","http://commons.wikimedia.org/wiki/Special:FilePath/Prague_Montage.jpg?width=300"
"Yangzhou","http://dbpedia.org/resource/Yangzhou",2146980,"China","http://commons.wikimedia.org/wiki/Special:FilePath/The_Five_Pavilion_bridge.jpg?width=300"
"Cincinnati","http://dbpedia.org/resource/Cincinnati",2137406,"United States","http://commons.wikimedia.org/wiki/Special:FilePath/Cincinnati_Skyline_from_Devou_Park.jpg?width=300"
"Coimbatore","http://dbpedia.org/resource/Coimbatore",2136916,"India","http://commons.wikimedia.org/wiki/Special:FilePath/SBI_Coimbatore.jpg?width=300"
"Pine Hills, Florida","http://dbpedia.org/resource/Pine_Hills,_Florida",2134311,"United States","http://commons.wikimedia.org/wiki/Special:FilePath/Orange_County_Florida_Incorporated_and_Unincorporated_areas_Pine_Hills_Highlighted.svg?width=300"
"Rabat","http://dbpedia.org/resource/Rabat",2120192,"Morocco","http://commons.wikimedia.org/wiki/Special:FilePath/Flag_of_Rabat_Sale_province.svg?width=300"
"Olathe, Kansas","http://dbpedia.org/resource/Olathe,_Kansas",2087471,"United States","http://commons.wikimedia.org/wiki/Special:FilePath/Olathe_City_Hall.jpg?width=300"
"Lake Mary, Florida","http://dbpedia.org/resource/Lake_Mary,_Florida",2082421,"United States","http://commons.wikimedia.org/wiki/Special:FilePath/Lake_Mary,_FL_city_logo.png?width=300"
"Baotou","http://dbpedia.org/resource/Baotou",2070801,"China","http://commons.wikimedia.org/wiki/Special:FilePath/Baotou.jpg?width=300"
"Parma, Ohio","http://dbpedia.org/resource/Parma,_Ohio",2064725,"United States","http://commons.wikimedia.org/wiki/Special:FilePath/Parma,_OH_-_Cleveland_Skyline_from_State_Rd.png?width=300"
"Haikou","http://dbpedia.org/resource/Haikou",2046189,"China","http://commons.wikimedia.org/wiki/Special:FilePath/Haikou_montage_-_03.jpg?width=300"
"Yiwu","http://dbpedia.org/resource/Yiwu",2038413,"China","http://commons.wikimedia.org/wiki/Special:FilePath/Yiwu_China_(Original_picture_retouched).jpg?width=300"
"Kozhikode","http://dbpedia.org/resource/Kozhikode",2030519,"India","http://commons.wikimedia.org/wiki/Special:FilePath/Calicut_Marine_skylines.JPG?width=300"
"Copenhagen","http://dbpedia.org/resource/Copenhagen",2016285,"Denmark","http://commons.wikimedia.org/wiki/Special:FilePath/Copenhagen_Collage2.jpg?width=300"
"Siliguri","http://dbpedia.org/resource/Siliguri",2010000,"India","http://commons.wikimedia.org/wiki/Special:FilePath/Siliguri_view.jpg?width=300"
"Donetsk","http://dbpedia.org/resource/Donetsk",2009700,"Donetsk People's Republic","http://commons.wikimedia.org/wiki/Special:FilePath/Donetsk_montage_(2015).png?width=300"
"Austin, Texas","http://dbpedia.org/resource/Austin,_Texas",2000860,"United States","http://commons.wikimedia.org/wiki/Special:FilePath/Austin_Evening.jpg?width=300"
"Port Harcourt","http://dbpedia.org/resource/Port_Harcourt",2000000,"Nigeria","http://commons.wikimedia.org/wiki/Special:FilePath/PH_Montage.jpg?width=300"
"Apex, North Carolina","http://dbpedia.org/resource/Apex,_North_Carolina",1998808,"United States","http://commons.wikimedia.org/wiki/Special:FilePath/SI-ApexNCDowntown.jpg?width=300"
"Nantong","http://dbpedia.org/resource/Nantong",1994708,"China","http://commons.wikimedia.org/wiki/Special:FilePath/Nantong_skyline_flanking_the_Hao_River.jpg?width=300"
"Hohhot","http://dbpedia.org/resource/Hohhot",1980774,"China","http://commons.wikimedia.org/wiki/Special:FilePath/Hohhot_Montage.png?width=300"
"Ganzhou","http://dbpedia.org/resource/Ganzhou",1977253,"China","http://commons.wikimedia.org/wiki/Special:FilePath/Yugutai.JPG?width=300"
"San Jose, California","http://dbpedia.org/resource/San_Jose,_California",1976836,"United States","http://commons.wikimedia.org/wiki/Special:FilePath/SanJose_Infobox_Pic_Montage.jpg?width=300"
"Jilin City","http://dbpedia.org/resource/Jilin_City",1975121,"China","http://commons.wikimedia.org/wiki/Special:FilePath/吉林大桥和世纪广场.jpg?width=300"
"Las Vegas","http://dbpedia.org/resource/Las_Vegas",1951269,"United States of America","http://commons.wikimedia.org/wiki/Special:FilePath/DowntownLasVegas.jpg?width=300"
"Montevideo","http://dbpedia.org/resource/Montevideo",1947604,"Uruguay","http://commons.wikimedia.org/wiki/Special:FilePath/Montevideo_collage.JPG?width=300"
"Cochabamba","http://dbpedia.org/resource/Cochabamba",1938401,"Bolivia","http://commons.wikimedia.org/wiki/Special:FilePath/Cochabamba,_Cordillera_Tunari.jpg?width=300"
"Huainan","http://dbpedia.org/resource/Huainan",1938212,"China","http://commons.wikimedia.org/wiki/Special:FilePath/Huainan_June_2005_02.jpg?width=300"
"Dublin","http://dbpedia.org/resource/Dublin",1904806,"Republic of Ireland","http://commons.wikimedia.org/wiki/Special:FilePath/DublinMontage.jpg?width=300"
"Banjarmasin","http://dbpedia.org/resource/Banjarmasin",1904427,"Indonesia","http://commons.wikimedia.org/wiki/Special:FilePath/Lambang_Kota_Banjarmasin.gif?width=300"
"Sorocaba","http://dbpedia.org/resource/Sorocaba",1898000,"Brazil","http://commons.wikimedia.org/wiki/Special:FilePath/Rio_Sorocaba_(cropped).jpg?width=300"
"Huambo","http://dbpedia.org/resource/Huambo",1896147,"Angola","http://commons.wikimedia.org/wiki/Special:FilePath/Huambo,_Palácio_do_Governador.jpg?width=300"
"Tijuana","http://dbpedia.org/resource/Tijuana",1895797,"Mexico","http://commons.wikimedia.org/wiki/Special:FilePath/Tijuana_montage.jpg?width=300"
"León, Guanajuato","http://dbpedia.org/resource/León,_Guanajuato",1887703,"Mexico","http://commons.wikimedia.org/wiki/Special:FilePath/León_montage.jpg?width=300"
"Bhopal","http://dbpedia.org/resource/Bhopal",1886100,"India","http://commons.wikimedia.org/wiki/Special:FilePath/BadaTalaabBhopal3.jpg?width=300"
"Vitória, Espírito Santo","http://dbpedia.org/resource/Vitória,_Espírito_Santo",1857616,"Brazil","http://commons.wikimedia.org/wiki/Special:FilePath/Vitória_ES.jpg?width=300"
"Luoyang","http://dbpedia.org/resource/Luoyang",1857003,"People's Republic of China","http://commons.wikimedia.org/wiki/Special:FilePath/China_Luoyang.png?width=300"
"Gilroy, California","http://dbpedia.org/resource/Gilroy,_California",1836911,"United States of America","http://commons.wikimedia.org/wiki/Special:FilePath/Old_City_Hall,_Gilroy_2014_01.JPG?width=300"
"Nashville, Tennessee","http://dbpedia.org/resource/Nashville,_Tennessee",1830345,"United States","http://commons.wikimedia.org/wiki/Special:FilePath/Nashville_collage_2009.jpg?width=300"
"Brussels","http://dbpedia.org/resource/Brussels",1830000,"Belgium","http://commons.wikimedia.org/wiki/Special:FilePath/TE-Collage_Brussels.png?width=300"
"Nanyang, Henan","http://dbpedia.org/resource/Nanyang,_Henan",1811812,"China","http://commons.wikimedia.org/wiki/Special:FilePath/Nanyang1.png?width=300"
"Johor Bahru","http://dbpedia.org/resource/Johor_Bahru",1805000,"Malaysia","http://commons.wikimedia.org/wiki/Special:FilePath/Johor_Bahru_composite.png?width=300"
"Tabriz","http://dbpedia.org/resource/Tabriz",1800000,"Iran","http://commons.wikimedia.org/wiki/Special:FilePath/Tabriz_Mosaic_Logo.jpg?width=300"
"Xiangtan","http://dbpedia.org/resource/Xiangtan",1779960,"People's Republic of China","http://commons.wikimedia.org/wiki/Special:FilePath/Baishipark.jpg?width=300"
"Dublin, Ohio","http://dbpedia.org/resource/Dublin,_Ohio",1773120,"United States","http://commons.wikimedia.org/wiki/Special:FilePath/OHMap-doton-Dublin.png?width=300"
"San Salvador","http://dbpedia.org/resource/San_Salvador",1767102,"El Salvador","http://commons.wikimedia.org/wiki/Special:FilePath/San_Salvador_Flag.png?width=300"
"Maputo","http://dbpedia.org/resource/Maputo",1766823,"Mozambique","http://commons.wikimedia.org/wiki/Special:FilePath/Maputo_seen_from_Katembe_2014.png?width=300"
"Porto","http://dbpedia.org/resource/Porto",1762524,"Portugal","http://commons.wikimedia.org/wiki/Special:FilePath/Porto_montage.PNG?width=300"
"Agra","http://dbpedia.org/resource/Agra",1760285,"India","http://commons.wikimedia.org/wiki/Special:FilePath/Taj_Mahal_in_India.jpg?width=300"
"Brookfield, Wisconsin","http://dbpedia.org/resource/Brookfield,_Wisconsin",1760268,"Waukesha County, Wisconsin","http://commons.wikimedia.org/wiki/Special:FilePath/Brookfield.jpg?width=300"
"Wauwatosa, Wisconsin","http://dbpedia.org/resource/Wauwatosa,_Wisconsin",1753355,"United States","http://commons.wikimedia.org/wiki/Special:FilePath/Wauwatosa_at_Menomonee_River.jpg?width=300"
"Tai'an","http://dbpedia.org/resource/Tai'an",1735425,"People's Republic of China","http://commons.wikimedia.org/wiki/Special:FilePath/Taishan_from_Tai'an_01.jpg?width=300"
"Kharkiv","http://dbpedia.org/resource/Kharkiv",1732400,"Ukraine","http://commons.wikimedia.org/wiki/Special:FilePath/Kharkiv_montage_(2015).png?width=300"
"Ouagadougou","http://dbpedia.org/resource/Ouagadougou",1727390,"Burkina Faso","http://commons.wikimedia.org/wiki/Special:FilePath/Place_des_cineastes_Ouaga.jpg?width=300"
"Kraków","http://dbpedia.org/resource/Kraków",1725894,"Poland","http://commons.wikimedia.org/wiki/Special:FilePath/Flag_of_Krakow.svg?width=300"
"Virginia Beach, Virginia","http://dbpedia.org/resource/Virginia_Beach,_Virginia",1724876,"United States","http://commons.wikimedia.org/wiki/Special:FilePath/VBmontage.png?width=300"
"Mianyang","http://dbpedia.org/resource/Mianyang",1722133,"China","http://commons.wikimedia.org/wiki/Special:FilePath/Central_Mianyang.jpg?width=300"
"Oslo","http://dbpedia.org/resource/Oslo",1717900,"Norway","http://commons.wikimedia.org/wiki/Special:FilePath/Oslo_newer_montage_2013.png?width=300"
"Valencia","http://dbpedia.org/resource/Valencia",1705742,"Spain","http://commons.wikimedia.org/wiki/Special:FilePath/Collagevalencia.JPG?width=300"
"Malappuram","http://dbpedia.org/resource/Malappuram",1698645,"India","http://commons.wikimedia.org/wiki/Special:FilePath/Kottakkunnu.jpg?width=300"
"Hampton, Virginia","http://dbpedia.org/resource/Hampton,_Virginia",1674498,"United States","http://commons.wikimedia.org/wiki/Special:FilePath/Newport_news_norfolk_portsmouth_rotated.jpg?width=300"
"Chesapeake, Virginia","http://dbpedia.org/resource/Chesapeake,_Virginia",1672319,"United States","http://commons.wikimedia.org/wiki/Special:FilePath/Great_Dismal_Swamp_Canal.jpg?width=300"
"Newport News, Virginia","http://dbpedia.org/resource/Newport_News,_Virginia",1672319,"United States","http://commons.wikimedia.org/wiki/Special:FilePath/Downtown_Newport_News.jpg?width=300"
"Norfolk, Virginia","http://dbpedia.org/resource/Norfolk,_Virginia",1672319,"United States","http://commons.wikimedia.org/wiki/Special:FilePath/MontageNorfolkVAUSA.jpg?width=300"
"Suffolk, Virginia","http://dbpedia.org/resource/Suffolk,_Virginia",1672319,"United States","http://commons.wikimedia.org/wiki/Special:FilePath/Downtown_Suffolk,_VA.jpg?width=300"
"Franklin, Virginia","http://dbpedia.org/resource/Franklin,_Virginia",1645015,"United States","http://commons.wikimedia.org/wiki/Special:FilePath/Franklin,_Virginia.jpg?width=300"
"Poquoson, Virginia","http://dbpedia.org/resource/Poquoson,_Virginia",1645015,"United States","http://commons.wikimedia.org/wiki/Special:FilePath/PoquosonWaterfront.jpg?width=300"
"Kannur","http://dbpedia.org/resource/Kannur",1642892,"India","http://commons.wikimedia.org/wiki/Special:FilePath/KANNUR_Collage.png?width=300"
"Kasaragod district","http://dbpedia.org/resource/Kasaragod_district",1642892,"India","http://commons.wikimedia.org/wiki/Special:FilePath/India_Kerala_Kasaragod_district.svg?width=300"
"Málaga","http://dbpedia.org/resource/Málaga",1628973,"Spain","http://commons.wikimedia.org/wiki/Special:FilePath/Da_Gibralfaro.jpg?width=300"
"Yancheng","http://dbpedia.org/resource/Yancheng",1615717,"People's Republic of China","http://commons.wikimedia.org/wiki/Special:FilePath/Lu_Xiufu_Temple.jpg?width=300"
"Zhanjiang","http://dbpedia.org/resource/Zhanjiang",1611868,"China","http://commons.wikimedia.org/wiki/Special:FilePath/Zhanjiang_Guangzhouwan_Faguo_Gongshishu_Jiuzhi_he_Fajun_Zhihuibu_Jiuzhi_2014.02.27_09-05-29.jpg?width=300"
"Taizhou, Jiangsu","http://dbpedia.org/resource/Taizhou,_Jiangsu",1607108,"China","http://commons.wikimedia.org/wiki/Special:FilePath/View_from_Pozijie.jpg?width=300"
"N'Djamena","http://dbpedia.org/resource/N'Djamena",1605696,"Chad","http://commons.wikimedia.org/wiki/Special:FilePath/N'Djamena_coa.svg?width=300"
"Milwaukee","http://dbpedia.org/resource/Milwaukee",1572245,"United States","http://commons.wikimedia.org/wiki/Special:FilePath/MilwaukeeCollage_2.png?width=300"
"Sheffield","http://dbpedia.org/resource/Sheffield",1569000,"United Kingdom","http://commons.wikimedia.org/wiki/Special:FilePath/Sheffield_City.jpg?width=300"
"Portsmouth","http://dbpedia.org/resource/Portsmouth",1547000,"United Kingdom","http://commons.wikimedia.org/wiki/Special:FilePath/Portsmouth_montage.png?width=300"
"Southampton","http://dbpedia.org/resource/Southampton",1547000,"United Kingdom","http://commons.wikimedia.org/wiki/Special:FilePath/Southampton2.jpg?width=300"
"Raipur","http://dbpedia.org/resource/Raipur",1546076,"India","http://commons.wikimedia.org/wiki/Special:FilePath/Swami_Vivekanada's_Statue_at_Vivekanand_Sarovar.jpg?width=300"
"Nottingham","http://dbpedia.org/resource/Nottingham",1543000,"United Kingdom","http://commons.wikimedia.org/wiki/Special:FilePath/Nottingham_montage.jpg?width=300"
"Derby","http://dbpedia.org/resource/Derby",1543000,"United Kingdom","http://commons.wikimedia.org/wiki/Special:FilePath/Derby_Montage.JPG?width=300"
"Shangqiu","http://dbpedia.org/resource/Shangqiu",1536392,"China","http://commons.wikimedia.org/wiki/Special:FilePath/ChinaHenanShangqiu.png?width=300"
"Córdoba, Argentina","http://dbpedia.org/resource/Córdoba,_Argentina",1528000,"Argentina","http://commons.wikimedia.org/wiki/Special:FilePath/Montaje_CBA_9.jpg?width=300"
"Seville","http://dbpedia.org/resource/Seville",1519639,"Spain","http://commons.wikimedia.org/wiki/Special:FilePath/Collagesevilla.jpg?width=300"
"Ipoh","http://dbpedia.org/resource/Ipoh",1499000,"Malaysia","http://commons.wikimedia.org/wiki/Special:FilePath/Ipoh,_Perak.jpg?width=300"
"Vijayawada","http://dbpedia.org/resource/Vijayawada",1491202,"India","http://commons.wikimedia.org/wiki/Special:FilePath/Montage_of_Vijayawada.png?width=300"
"Natal, Rio Grande do Norte","http://dbpedia.org/resource/Natal,_Rio_Grande_do_Norte",1485505,"Brazil","http://commons.wikimedia.org/wiki/Special:FilePath/Montagem_Natal,_RN.jpg?width=300"
"Tbilisi","http://dbpedia.org/resource/Tbilisi",1485293,"Georgia","http://commons.wikimedia.org/wiki/Special:FilePath/Flag_of_Tbilisi.svg?width=300"
"Madison, Indiana","http://dbpedia.org/resource/Madison,_Indiana",1478637,"United States","http://commons.wikimedia.org/wiki/Special:FilePath/Jefferson_County_Indiana_Courthouse.jpg?width=300"
"Lomé","http://dbpedia.org/resource/Lomé",1477660,"Togo","http://commons.wikimedia.org/wiki/Special:FilePath/Imagelomé20.jpg?width=300"
"Madurai","http://dbpedia.org/resource/Madurai",1465625,"India","http://commons.wikimedia.org/wiki/Special:FilePath/Madurai_landmarks_montage.jpg?width=300"
"Xingtai","http://dbpedia.org/resource/Xingtai",1461809,"China","http://commons.wikimedia.org/wiki/Special:FilePath/GuoShoujingMemorialHallInXingtai.jpg?width=300"
"Dnipropetrovsk","http://dbpedia.org/resource/Dnipropetrovsk",1460000,"Ukraine","http://commons.wikimedia.org/wiki/Special:FilePath/Флаг_Днепропетровска_2.png?width=300"
"Jacksonville, Florida","http://dbpedia.org/resource/Jacksonville,_Florida",1449481,"United States","http://commons.wikimedia.org/wiki/Special:FilePath/JXFL2011N.png?width=300"
"San Pedro Sula","http://dbpedia.org/resource/San_Pedro_Sula",1445598,"Honduras","http://commons.wikimedia.org/wiki/Special:FilePath/San_Pedro_Sula_Flag.png?width=300"
"Liuzhou","http://dbpedia.org/resource/Liuzhou",1436599,"People's Republic of China","http://commons.wikimedia.org/wiki/Special:FilePath/Liuzhou_collage.png?width=300"
"Varanasi","http://dbpedia.org/resource/Varanasi",1435113,"India","http://commons.wikimedia.org/wiki/Special:FilePath/Varanasi_collage.png?width=300"
"Łódź","http://dbpedia.org/resource/Łódź",1428600,"Poland","http://commons.wikimedia.org/wiki/Special:FilePath/Lodz_Collage_(by_EL-042).png?width=300"
"Meerut","http://dbpedia.org/resource/Meerut",1424908,"India","http://commons.wikimedia.org/wiki/Special:FilePath/Shaheed_Smarak_Meerut-2.jpg?width=300"
"Daqing","http://dbpedia.org/resource/Daqing",1415268,"People's Republic of China","http://commons.wikimedia.org/wiki/Special:FilePath/Daqing_Radio_and_Television_Tower_01.JPG?width=300"
"Poznań","http://dbpedia.org/resource/Poznań",1400000,"Poland","http://commons.wikimedia.org/wiki/Special:FilePath/Collage_of_views_of_Poznań,_Poland.jpg?width=300"
"Jacksonville Beach, Florida","http://dbpedia.org/resource/Jacksonville_Beach,_Florida",1394624,"United States","http://commons.wikimedia.org/wiki/Special:FilePath/JXBEACH.png?width=300"
"Aurangabad, Maharashtra","http://dbpedia.org/resource/Aurangabad,_Maharashtra",1389376,"India","http://commons.wikimedia.org/wiki/Special:FilePath/Bibi_ka_Maqbara.JPG?width=300"
"Ma'anshan","http://dbpedia.org/resource/Ma'anshan",1366302,"China","http://commons.wikimedia.org/wiki/Special:FilePath/Maanshan_Yushanhu_lake.jpg?width=300"
"Kollam","http://dbpedia.org/resource/Kollam",1351000,"India","http://commons.wikimedia.org/wiki/Special:FilePath/Kollam_Collage.jpg?width=300"
"Yichang","http://dbpedia.org/resource/Yichang",1350150,"China","http://commons.wikimedia.org/wiki/Special:FilePath/Yichang_skyline_3.jpg?width=300"
"Edinburgh","http://dbpedia.org/resource/Edinburgh",1339380,"United Kingdom","http://commons.wikimedia.org/wiki/Special:FilePath/EdinburghMontage.png?width=300"
"Concepción, Chile","http://dbpedia.org/resource/Concepción,_Chile",1322581,"Chile","http://commons.wikimedia.org/wiki/Special:FilePath/Ciudad-Puerto-de-Concepción.png?width=300"
"Kayseri","http://dbpedia.org/resource/Kayseri",1322376,"Turkey","http://commons.wikimedia.org/wiki/Special:FilePath/City_of_Kayseri.png?width=300"
"Ferrysburg, Michigan","http://dbpedia.org/resource/Ferrysburg,_Michigan",1306768,"United States","http://commons.wikimedia.org/wiki/Special:FilePath/Ottawa_County_Michigan_Incorporated_and_Unincorporated_areas_Ferrysburg_Highlighted.svg?width=300"
"Hudsonville, Michigan","http://dbpedia.org/resource/Hudsonville,_Michigan",1306768,"United States","http://commons.wikimedia.org/wiki/Special:FilePath/Ottawa_County_Michigan_Incorporated_and_Unincorporated_areas_Hudsonville_Highlighted.svg?width=300"
"Jenison, Michigan","http://dbpedia.org/resource/Jenison,_Michigan",1306768,"United States","http://commons.wikimedia.org/wiki/Special:FilePath/Ottawa_County_Michigan_Incorporated_and_Unincorporated_areas_Jenison_Highlighted.svg?width=300"
"Zeeland, Michigan","http://dbpedia.org/resource/Zeeland,_Michigan",1306768,"United States","http://commons.wikimedia.org/wiki/Special:FilePath/Ottawa_County_Michigan_Incorporated_and_Unincorporated_areas_Zeeland_Highlighted.svg?width=300"
"Diyarbakır","http://dbpedia.org/resource/Diyarbakır",1300000,"Turkey","http://commons.wikimedia.org/wiki/Special:FilePath/City_of_Diyarbakır.jpg?width=300"
"Solapur","http://dbpedia.org/resource/Solapur",1284863,"India","http://commons.wikimedia.org/wiki/Special:FilePath/Satrasta,_Solapur.jpg?width=300"
"Dire Dawa","http://dbpedia.org/resource/Dire_Dawa",1274869,"Ethiopia","http://commons.wikimedia.org/wiki/Special:FilePath/ET-Dire_Dawa,_Ethiopia_(13).JPG?width=300"
"Srinagar","http://dbpedia.org/resource/Srinagar",1273312,"India","http://en.wikipedia.org/wiki/Special:FilePath/Srinagar_pano.jpg?width=300"
"Louisville, Kentucky","http://dbpedia.org/resource/Louisville,_Kentucky",1269702,"United States","http://commons.wikimedia.org/wiki/Special:FilePath/Louisville_montage.jpg?width=300"
"Jabalpur","http://dbpedia.org/resource/Jabalpur",1267564,"India","http://commons.wikimedia.org/wiki/Special:FilePath/Jabalpur_udit.jpg?width=300"
"Wuhu","http://dbpedia.org/resource/Wuhu",1264539,"China","http://commons.wikimedia.org/wiki/Special:FilePath/Wuhu_Mirror_Lake_night.jpg?width=300"
"Richmond, Virginia","http://dbpedia.org/resource/Richmond,_Virginia",1260029,"United States","http://commons.wikimedia.org/wiki/Special:FilePath/Collage_of_Landmarks_in_Richmond,_Virginia_v_1.jpg?width=300"
"Asmara","http://dbpedia.org/resource/Asmara",1258001,"Eritrea","http://commons.wikimedia.org/wiki/Special:FilePath/Asmara_Panorama.JPG?width=300"
"Cartagena, Colombia","http://dbpedia.org/resource/Cartagena,_Colombia",1239430,"Colombia","http://commons.wikimedia.org/wiki/Special:FilePath/Cartagena,_Bolívar,_Colombia.jpg?width=300"
"Ottawa","http://dbpedia.org/resource/Ottawa",1236324,"Canada","http://commons.wikimedia.org/wiki/Special:FilePath/OttawaCollage.png?width=300"
"Jaro, Iloilo City","http://dbpedia.org/resource/Jaro,_Iloilo_City",1235650,"Philippines","http://commons.wikimedia.org/wiki/Special:FilePath/Jaro_Cathedral_Main_Facade.jpg?width=300"
"Xinyang","http://dbpedia.org/resource/Xinyang",1230042,"People's Republic of China","http://commons.wikimedia.org/wiki/Special:FilePath/Henan_Xinyang_map_a.png?width=300"
"São Luís, Maranhão","http://dbpedia.org/resource/São_Luís,_Maranhão",1227659,"Brazil","http://commons.wikimedia.org/wiki/Special:FilePath/São_Luís_do_Maranhão_-_Capital.jpg?width=300"
"Gelugor","http://dbpedia.org/resource/Gelugor",1225501,"Malaysia","http://commons.wikimedia.org/wiki/Special:FilePath/Sekolah_Kebangsaan_Bukit_Gelugor.jpg?width=300"
"Torreón","http://dbpedia.org/resource/Torreón",1215993,"Mexico","http://commons.wikimedia.org/wiki/Special:FilePath/Escudo-torreon.jpg?width=300"
"Hartford, Connecticut","http://dbpedia.org/resource/Hartford,_Connecticut",1214295,"United States","http://commons.wikimedia.org/wiki/Special:FilePath/Hartford_CT_lg.PNG?width=300"
"Bucaramanga","http://dbpedia.org/resource/Bucaramanga",1212657,"Colombia","http://commons.wikimedia.org/wiki/Special:FilePath/Bucaramanga_v_cu.JPG?width=300"
"Jiaxing","http://dbpedia.org/resource/Jiaxing",1201882,"China","http://commons.wikimedia.org/wiki/Special:FilePath/Jiaxing_Southlake_dark.jpg?width=300"
"Xining","http://dbpedia.org/resource/Xining",1198304,"China","http://commons.wikimedia.org/wiki/Special:FilePath/Xining_Montage.jpg?width=300"
"Dumai","http://dbpedia.org/resource/Dumai",1196885,"Indonesia","http://commons.wikimedia.org/wiki/Special:FilePath/Plaza_Dumai_Ramayana_Dept._Store.jpg?width=300"
"Amritsar","http://dbpedia.org/resource/Amritsar",1183705,"India","http://commons.wikimedia.org/wiki/Special:FilePath/Golden_Temple_India.jpg?width=300"
"Hopewell, Virginia","http://dbpedia.org/resource/Hopewell,_Virginia",1175652,"United States","http://commons.wikimedia.org/wiki/Special:FilePath/City_Point,_Virginia_during_the_Civil_War.jpg?width=300"
"Albany, New York","http://dbpedia.org/resource/Albany,_New_York",1170483,"United States","http://commons.wikimedia.org/wiki/Special:FilePath/Albany_New_York_Compilation.jpg?width=300"
"Schenectady, New York","http://dbpedia.org/resource/Schenectady,_New_York",1170483,"United States","http://commons.wikimedia.org/wiki/Special:FilePath/Nott_Memorial_Hall,_Union_College,_Schenectady,_NY.jpg?width=300"
"Blida","http://dbpedia.org/resource/Blida",1167882,"Algeria","http://commons.wikimedia.org/wiki/Special:FilePath/Blidar.JPG?width=300"
"Wrocław","http://dbpedia.org/resource/Wrocław",1164600,"Poland","http://commons.wikimedia.org/wiki/Special:FilePath/Wroclaw_horizontal_flag.svg?width=300"
"Ostrava","http://dbpedia.org/resource/Ostrava",1164328,"Czech Republic","http://commons.wikimedia.org/wiki/Special:FilePath/Allostrava.jpeg?width=300"
"Albuquerque, New Mexico","http://dbpedia.org/resource/Albuquerque,_New_Mexico",1163964,"United States","http://commons.wikimedia.org/wiki/Special:FilePath/Albuquerque_Infobox_Photo.png?width=300"
"Edmonton","http://dbpedia.org/resource/Edmonton",1159869,"Canada","http://commons.wikimedia.org/wiki/Special:FilePath/Edmontonmontage1.jpg?width=300"
"Salt Lake City","http://dbpedia.org/resource/Salt_Lake_City",1153340,"United States","http://commons.wikimedia.org/wiki/Special:FilePath/Salt_Lake_City_montage_19_July_2011.jpg?width=300"
"Braunschweig","http://dbpedia.org/resource/Braunschweig",1150000,"Germany","http://commons.wikimedia.org/wiki/Special:FilePath/Braunschweig_Kohlmarkt.jpg?width=300"
"Birmingham, Alabama","http://dbpedia.org/resource/Birmingham,_Alabama",1145647,"United States","http://commons.wikimedia.org/wiki/Special:FilePath/Birmingham_AL_Montage.jpg?width=300"
"Hoover, Alabama","http://dbpedia.org/resource/Hoover,_Alabama",1145067,"United States","http://commons.wikimedia.org/wiki/Special:FilePath/Center_Court_of_the_Riverchase_Galleria.jpg?width=300"
"Dresden","http://dbpedia.org/resource/Dresden",1143197,"Germany","http://commons.wikimedia.org/wiki/Special:FilePath/Dresden_Montage_(2016).png?width=300"
"Jodhpur","http://dbpedia.org/resource/Jodhpur",1138300,"India","http://commons.wikimedia.org/wiki/Special:FilePath/Jodhpur,_Rajasthan_-_India_(17933517794).jpg?width=300"
"Matamoros, Tamaulipas","http://dbpedia.org/resource/Matamoros,_Tamaulipas",1136995,"Mexico","http://commons.wikimedia.org/wiki/Special:FilePath/Palacio_Municipal_H._Matamoros.JPG?width=300"
"Ahvaz","http://dbpedia.org/resource/Ahvaz",1136989,"Iran","http://commons.wikimedia.org/wiki/Special:FilePath/Ahvaz_Montage.jpg?width=300"
"Teresina","http://dbpedia.org/resource/Teresina",1135920,"Brazil","http://commons.wikimedia.org/wiki/Special:FilePath/Teresina.jpg?width=300"
"Niagara Falls, New York","http://dbpedia.org/resource/Niagara_Falls,_New_York",1134155,"United States","http://commons.wikimedia.org/wiki/Special:FilePath/Niagara_Falls,_New_York_from_Skylon_Tower.jpg?width=300"
"Bazhong","http://dbpedia.org/resource/Bazhong",1126790,"China","http://commons.wikimedia.org/wiki/Special:FilePath/Sichuan_subdivisions_-_Bazhong.svg?width=300"
"Ranchi","http://dbpedia.org/resource/Ranchi",1126741,"India","http://commons.wikimedia.org/wiki/Special:FilePath/Ranchi_9239.JPG?width=300"
"Petersburg, Virginia","http://dbpedia.org/resource/Petersburg,_Virginia",1126262,"United States","http://commons.wikimedia.org/wiki/Special:FilePath/DowntownPetersburgVa-2.jpg?width=300"
"Hanover","http://dbpedia.org/resource/Hanover",1119032,"Germany","http://en.wikipedia.org/wiki/Special:FilePath/Neues_Rathaus_Hannover_abends.jpg?width=300"
"Abeokuta","http://dbpedia.org/resource/Abeokuta",1117000,"Nigeria","http://commons.wikimedia.org/wiki/Special:FilePath/Overlooking_Abeokuta.jpg?width=300"
"Zagreb","http://dbpedia.org/resource/Zagreb",1113111,"Croatia","http://commons.wikimedia.org/wiki/Special:FilePath/Flag_of_Zagreb.svg?width=300"
"Florianópolis","http://dbpedia.org/resource/Florianópolis",1111702,"Brazil","http://commons.wikimedia.org/wiki/Special:FilePath/Montagem_de_Florianópolis.jpg?width=300"
"Benghazi","http://dbpedia.org/resource/Benghazi",1110000,"Libya","http://commons.wikimedia.org/wiki/Special:FilePath/Panathenaic_amphora_Louvre_MN705.jpg?width=300"
"Tricity, Poland","http://dbpedia.org/resource/Tricity,_Poland",1098379,"Poland","http://commons.wikimedia.org/wiki/Special:FilePath/Pl-gdansk-neptun2004.jpg?width=300"
"Cardiff","http://dbpedia.org/resource/Cardiff",1097000,"United Kingdom","http://commons.wikimedia.org/wiki/Special:FilePath/Cardiffmontage3.jpg?width=300"
"Chifeng","http://dbpedia.org/resource/Chifeng",1094970,"China","http://commons.wikimedia.org/wiki/Special:FilePath/China_Inner_Mongolia_Chifeng.svg?width=300"
"Irbid","http://dbpedia.org/resource/Irbid",1088000,"Jordan","http://commons.wikimedia.org/wiki/Special:FilePath/Irbid1.jpg?width=300"
"Thessaloniki","http://dbpedia.org/resource/Thessaloniki",1084001,"Greece","http://commons.wikimedia.org/wiki/Special:FilePath/Salonica_White_Tower.jpg?width=300"
"Gdańsk","http://dbpedia.org/resource/Gdańsk",1080700,"Poland","http://commons.wikimedia.org/wiki/Special:FilePath/Collage_of_views_of_Gdansk.jpg?width=300"
"Jinhua","http://dbpedia.org/resource/Jinhua",1077245,"China","http://commons.wikimedia.org/wiki/Special:FilePath/Jinhuamontage.jpg?width=300"
"Campo Grande","http://dbpedia.org/resource/Campo_Grande",1069420,"Brazil","http://commons.wikimedia.org/wiki/Special:FilePath/MontagemCampoGrandeMS.jpg?width=300"
"Marrakesh","http://dbpedia.org/resource/Marrakesh",1063415,"Morocco","http://commons.wikimedia.org/wiki/Special:FilePath/Marrakech_montage2.png?width=300"
"Zhuzhou","http://dbpedia.org/resource/Zhuzhou",1055373,"China","http://commons.wikimedia.org/wiki/Special:FilePath/ZhuZhou.jpg?width=300"
"Chandigarh","http://dbpedia.org/resource/Chandigarh",1054686,"India","http://commons.wikimedia.org/wiki/Special:FilePath/IN-CH.svg?width=300"
"Dushanbe","http://dbpedia.org/resource/Dushanbe",1051200,"Tajikistan","http://commons.wikimedia.org/wiki/Special:FilePath/Dushanbe_Presidential_Palace_01.jpg?width=300"
"Haifa","http://dbpedia.org/resource/Haifa",1050000,"Israel","http://commons.wikimedia.org/wiki/Special:FilePath/Flag_of_Haifa.svg?width=300"
"Santiago de Cuba","http://dbpedia.org/resource/Santiago_de_Cuba",1049084,"Cuba","http://commons.wikimedia.org/wiki/Special:FilePath/Santiago_de_cuba_al_atardecer.jpg?width=300"
"Las Cruces, New Mexico","http://dbpedia.org/resource/Las_Cruces,_New_Mexico",1045180,"United States","http://commons.wikimedia.org/wiki/Special:FilePath/Las_Cruces.jpg?width=300"
"Nogales, Arizona","http://dbpedia.org/resource/Nogales,_Arizona",1043322,"United States of America","http://commons.wikimedia.org/wiki/Special:FilePath/Nogales.jpg?width=300"
"Beni Mellal","http://dbpedia.org/resource/Beni_Mellal",1041655,"Morocco","http://commons.wikimedia.org/wiki/Special:FilePath/BeniMellal,AinAsserdoun.jpg?width=300"
"Grand Rapids, Michigan","http://dbpedia.org/resource/Grand_Rapids,_Michigan",1038583,"United States","http://commons.wikimedia.org/wiki/Special:FilePath/Grand_Rapids_montage.jpg?width=300"
"Leicester","http://dbpedia.org/resource/Leicester",1035249,"United Kingdom","http://commons.wikimedia.org/wiki/Special:FilePath/Leicester_landmarks_montage.jpg?width=300"
"Sopot","http://dbpedia.org/resource/Sopot",1035000,"Poland","http://commons.wikimedia.org/wiki/Special:FilePath/Muelle_de_Sopot,_Polonia,_2013-05-22,_DD_20.jpg?width=300"
"Amravati","http://dbpedia.org/resource/Amravati",1031100,"India","http://en.wikipedia.org/wiki/Special:FilePath/Amravati-Montage.jpg?width=300"
"Qinhuangdao","http://dbpedia.org/resource/Qinhuangdao",1029670,"China","http://commons.wikimedia.org/wiki/Special:FilePath/Qinhuangdao_Panorama_Face_South.jpg?width=300"
"Tiruchirappalli","http://dbpedia.org/resource/Tiruchirappalli",1022518,"India","http://commons.wikimedia.org/wiki/Special:FilePath/Trichy_montage1.jpg?width=300"
"Mandalay","http://dbpedia.org/resource/Mandalay",1022487,"Myanmar","http://commons.wikimedia.org/wiki/Special:FilePath/Mandalay_street.jpg?width=300"
"Acapulco","http://dbpedia.org/resource/Acapulco",1021000,"Mexico","http://commons.wikimedia.org/wiki/Special:FilePath/Acapulco_Collage_2013.jpg?width=300"
"Riga","http://dbpedia.org/resource/Riga",1018295,"Latvia","http://commons.wikimedia.org/wiki/Special:FilePath/Riga_montage.jpg?width=300"
"Holland, Michigan","http://dbpedia.org/resource/Holland,_Michigan",1016603,"United States","http://commons.wikimedia.org/wiki/Special:FilePath/8thStreetHolland.jpg?width=300"
"Tucson, Arizona","http://dbpedia.org/resource/Tucson,_Arizona",1010025,"United States","http://commons.wikimedia.org/wiki/Special:FilePath/TucsonDerivative.png?width=300"
"Kathmandu","http://dbpedia.org/resource/Kathmandu",1003285,"Nepal","http://commons.wikimedia.org/wiki/Special:FilePath/Kathmandu_sites_collage.jpg?width=300"
"Leipzig","http://dbpedia.org/resource/Leipzig",1001220,"Germany","http://commons.wikimedia.org/wiki/Special:FilePath/Flag_of_Leipzig.svg?width=300"
